Year,Country,Avg Temperature (°C),CO2 Emissions (Tons/Capita),Sea Level Rise (mm),Rainfall (mm),Population,Renewable Energy (%),Extreme Weather Events,Forest Area (%),Temp_CO2_Ratio
2006,UK,8.9,9.3,3.1,1441,530911230,20.4,14,59.8,0.9569892473118279
2019,USA,31.0,4.8,4.2,2407,107364344,49.2,8,31.0,6.458333333333334
2014,France,33.9,2.8,2.2,1241,441101758,33.3,9,35.5,12.107142857142858
2010,Argentina,5.9,1.8,3.2,1892,1069669579,23.7,7,17.7,3.2777777777777777
2007,Germany,26.9,5.6,2.4,1743,124079175,12.5,4,17.4,4.803571428571429
2020,China,32.3,1.4,2.7,2100,1202028857,49.4,12,47.2,23.07142857142857
2006,Argentina,30.7,11.6,3.9,1755,586706107,41.9,10,50.5,2.646551724137931
2018,South Africa,33.9,6.0,4.5,827,83947380,17.7,1,56.6,5.6499999999999995
2022,UK,27.8,16.6,1.5,1966,980305187,8.2,4,43.4,1.6746987951807228
2010,Australia,18.3,1.9,3.5,2599,849496137,7.5,5,48.7,9.631578947368421
2010,Indonesia,14.4,4.9,3.3,2466,1345958932,10.4,13,10.8,2.9387755102040813
2023,South Africa,14.6,14.7,1.5,875,1311714067,31.1,14,19.7,0.9931972789115646
2020,Brazil,26.7,12.2,1.8,762,1106863791,46.8,0,69.1,2.1885245901639343
2003,USA,27.4,1.8,2.2,766,798905927,27.4,10,14.6,15.222222222222221
2007,Germany,11.0,17.6,1.7,2906,1179622755,42.9,3,50.7,0.625
2023,India,31.0,17.6,2.0,2444,365927452,25.1,8,20.6,1.7613636363636362
2002,Russia,26.4,6.9,2.1,2393,29715260,36.9,1,53.0,3.826086956521739
2021,France,21.9,7.1,2.3,2401,680925261,37.9,4,52.4,3.084507042253521
2020,China,19.1,19.8,4.0,2152,1074542897,12.8,0,24.1,0.9646464646464646
2001,Canada,21.3,12.7,3.3,1944,1189649940,21.3,3,26.2,1.6771653543307088
2023,France,9.8,10.9,4.9,545,1311466901,33.7,3,49.3,0.8990825688073395
2011,Mexico,11.1,16.8,2.7,1099,250843348,8.2,5,33.4,0.6607142857142857
2005,India,7.7,6.1,4.0,1219,588745515,21.3,9,21.7,1.2622950819672132
2001,Indonesia,9.6,8.9,4.5,2412,300442653,29.1,8,53.9,1.0786516853932584
2020,Russia,18.6,5.7,3.7,1792,11186886,49.8,2,19.2,3.263157894736842
2000,India,20.9,15.9,2.6,1100,1237433800,26.4,8,61.3,1.3144654088050314
2011,Australia,5.5,11.7,4.0,880,966063065,41.7,5,40.9,0.47008547008547014
2021,USA,28.9,13.3,1.8,617,1019475941,24.4,6,16.3,2.1729323308270674
2011,UK,13.8,5.4,2.3,2663,158680885,40.8,11,51.6,2.5555555555555554
2016,China,32.4,4.8,3.2,759,1358197397,31.8,9,41.1,6.75
2009,Japan,34.0,10.0,3.3,1598,176809981,44.9,1,27.9,3.4
2015,USA,10.6,14.9,1.1,2003,52552633,23.5,10,35.4,0.7114093959731543
2014,Japan,18.9,10.7,4.8,2852,214294469,32.2,9,27.9,1.766355140186916
2014,South Africa,5.0,1.1,3.8,2554,227838160,33.4,13,25.8,4.545454545454545
2018,UK,22.9,17.4,3.0,865,531510898,23.8,5,19.8,1.3160919540229885
2011,Russia,23.2,1.8,4.7,2157,1034642225,11.5,5,31.8,12.888888888888888
2022,Germany,12.4,19.1,2.8,1961,272039781,9.2,1,25.1,0.6492146596858639
2019,Canada,21.8,1.0,4.9,2524,1395185778,5.8,1,51.0,21.8
2002,Brazil,11.8,14.0,3.0,2976,367803209,44.3,13,51.0,0.8428571428571429
2004,Argentina,9.8,2.1,1.5,1290,742981303,15.6,1,40.1,4.666666666666667
2018,UK,24.5,18.3,4.1,1246,78354231,14.5,9,56.7,1.3387978142076502
2006,USA,14.8,9.6,3.7,2914,772375173,38.1,11,60.5,1.5416666666666667
2020,China,22.7,3.2,4.1,812,491426196,19.4,0,44.8,7.093749999999999
2008,Argentina,18.0,7.1,4.8,1037,1209391736,27.8,4,47.1,2.535211267605634
2006,Mexico,34.5,3.7,4.1,1420,1017231293,12.3,7,27.0,9.324324324324325
2017,Mexico,9.5,3.8,3.4,1577,1216476753,48.2,1,63.7,2.5
2003,India,18.9,19.0,4.4,1990,322675191,43.3,12,11.5,0.994736842105263
2013,Argentina,25.4,9.2,3.7,2881,1075399963,43.9,14,30.9,2.7608695652173916
2017,China,16.9,15.9,2.6,1297,456955256,23.3,4,53.3,1.0628930817610063
2008,Russia,34.2,13.0,4.5,847,1031018863,39.3,11,14.8,2.630769230769231
2020,South Africa,26.7,13.7,1.9,772,491644777,11.5,7,21.0,1.948905109489051
2001,Japan,24.7,3.1,3.9,1219,838339418,5.4,9,45.4,7.96774193548387
2019,India,27.7,5.1,4.5,2273,1097734281,5.9,13,43.6,5.431372549019608
2014,Mexico,33.6,15.8,3.9,1184,22094509,31.4,4,54.3,2.1265822784810124
2006,Brazil,32.2,19.4,3.8,2626,1155260147,25.5,1,58.8,1.65979381443299
2011,Brazil,26.7,5.6,4.0,1121,267058271,28.3,2,17.7,4.767857142857143
2007,USA,27.5,5.8,2.9,2539,330887513,5.3,14,11.1,4.741379310344827
2014,Russia,9.4,9.7,4.5,1446,513004938,24.0,5,51.4,0.9690721649484537
2002,Germany,8.1,19.7,1.8,2905,1254853974,37.3,10,28.1,0.41116751269035534
2013,Mexico,22.1,5.7,1.5,1006,157599009,24.9,10,47.6,3.8771929824561404
2016,Indonesia,5.6,8.4,2.1,2082,227533555,37.9,4,19.0,0.6666666666666666
2003,Russia,19.5,17.9,3.1,743,507687964,15.5,10,38.1,1.0893854748603353
2017,South Africa,11.3,0.6,3.0,1005,941922654,41.6,3,40.3,18.833333333333336
2007,Japan,15.4,1.3,4.3,921,194923647,31.5,3,45.1,11.846153846153847
2003,China,28.3,12.3,2.6,2764,205087750,14.5,4,40.8,2.3008130081300813
2001,Argentina,33.2,18.2,2.9,2372,1078565697,15.7,1,39.7,1.8241758241758244
2005,Mexico,7.2,5.2,1.1,1692,1128035409,33.3,8,30.0,1.3846153846153846
2021,Argentina,21.0,9.7,2.6,829,432913646,42.3,1,14.3,2.1649484536082477
2009,Brazil,31.5,9.3,3.6,1149,172465953,23.7,9,15.4,3.387096774193548
2003,China,7.5,9.7,1.1,1964,502277267,16.6,1,36.0,0.7731958762886598
2021,China,29.7,12.6,2.1,890,334345649,44.0,9,31.3,2.357142857142857
2017,China,15.7,9.7,1.8,2019,305543477,35.1,13,41.0,1.6185567010309279
2011,Brazil,14.7,9.2,1.2,880,661509073,25.2,8,28.3,1.5978260869565217
2001,South Africa,34.3,9.7,2.9,1241,1356204695,27.0,13,51.3,3.536082474226804
2009,Argentina,11.0,12.0,1.7,2510,504454279,14.2,2,61.8,0.9166666666666666
2003,France,25.8,11.0,4.0,1319,458944956,33.2,14,27.9,2.3454545454545457
2013,Argentina,29.6,17.2,4.4,1172,994673524,21.1,9,21.6,1.7209302325581397
2015,Australia,6.2,1.5,3.2,2271,428326345,49.8,6,17.0,4.133333333333334
2014,Japan,25.1,16.7,4.9,1711,1146020851,26.6,3,47.0,1.502994011976048
2007,Indonesia,33.5,17.0,2.8,1429,278626073,26.9,12,36.6,1.9705882352941178
2013,France,8.7,6.1,3.1,2039,72414944,30.5,12,21.3,1.4262295081967213
2022,Japan,31.9,9.5,5.0,1412,433898990,46.3,5,49.2,3.357894736842105
2007,India,22.8,9.1,1.9,1143,1223349324,41.0,13,18.9,2.5054945054945055
2020,Russia,23.5,4.8,4.8,926,863711591,25.3,3,43.3,4.895833333333334
2015,Russia,23.4,8.2,1.2,1001,74913944,37.3,9,41.6,2.8536585365853657
2012,Canada,14.0,1.4,2.8,1229,1225949571,31.4,14,54.1,10.0
2017,Russia,33.1,5.9,1.3,1783,562654674,27.2,6,13.3,5.610169491525424
2014,Argentina,33.4,16.4,3.9,2618,796318481,13.7,0,63.3,2.0365853658536586
2020,Brazil,23.8,6.0,3.4,956,1246729629,25.9,2,52.2,3.966666666666667
2023,Indonesia,28.5,16.5,3.8,2736,866280953,16.1,12,23.0,1.7272727272727273
2012,Germany,23.4,10.9,2.5,790,1108141910,46.2,2,21.0,2.146788990825688
2008,USA,19.5,17.7,2.5,1419,1140062010,20.1,0,35.9,1.1016949152542372
2014,Canada,24.8,11.7,1.2,2839,1211830133,47.9,5,59.1,2.1196581196581197
2012,UK,21.6,1.1,2.4,2469,730110223,29.0,14,60.6,19.636363636363637
2000,UK,22.9,13.7,4.7,1255,1366969728,33.4,12,41.2,1.6715328467153285
2006,USA,28.5,1.4,2.5,2158,411773643,29.4,10,61.6,20.357142857142858
2008,Japan,19.4,9.3,4.3,2334,242481524,10.8,13,10.3,2.0860215053763436
2023,USA,6.2,18.6,4.4,1806,487618104,21.9,8,12.1,0.3333333333333333
2000,USA,9.9,3.7,2.5,2067,739358801,9.5,7,64.7,2.6756756756756754
2011,UK,18.2,8.1,3.5,2369,204257967,33.0,10,56.5,2.246913580246914
2007,Canada,26.7,14.7,1.4,876,475005508,25.1,6,37.0,1.816326530612245
2023,India,22.8,17.7,1.4,1679,707948505,40.0,9,55.2,1.288135593220339
2010,Argentina,24.5,13.6,1.2,1007,200316893,14.9,7,67.3,1.8014705882352942
2018,China,19.4,5.5,3.3,1936,275361525,12.4,5,56.3,3.527272727272727
2016,Russia,23.5,13.7,2.7,1058,1073643084,23.3,8,60.5,1.7153284671532847
2007,Russia,14.9,6.3,3.2,2807,1364174738,46.7,2,55.6,2.365079365079365
2002,Brazil,19.1,14.5,3.1,920,947263298,37.0,14,20.1,1.317241379310345
2002,Canada,27.3,19.1,2.4,2052,66735271,23.9,9,60.0,1.4293193717277486
2000,Brazil,31.2,14.6,3.7,803,255339962,28.3,9,21.7,2.136986301369863
2004,Germany,18.0,17.3,4.0,1441,440663289,8.8,8,63.6,1.0404624277456647
2009,Germany,6.3,0.5,1.1,1801,64317241,49.3,3,37.5,12.6
2006,Brazil,9.9,14.5,1.8,1589,1082347326,35.0,6,50.6,0.6827586206896552
2008,Canada,5.6,16.7,3.9,2655,428691595,17.8,14,39.8,0.33532934131736525
2006,Brazil,24.6,1.3,2.5,2815,69840394,31.4,12,15.6,18.923076923076923
2008,Russia,15.0,17.5,3.6,2769,1046546091,9.9,8,27.4,0.8571428571428571
2007,France,21.3,5.5,2.4,2327,141991057,48.5,1,69.0,3.872727272727273
2011,Australia,19.8,13.5,2.6,2053,444296725,12.9,1,67.6,1.4666666666666668
2001,UK,7.4,16.1,1.6,1192,838168075,34.2,8,29.2,0.45962732919254656
2000,UK,17.1,13.4,2.0,754,343373633,16.0,11,69.8,1.2761194029850746
2015,Indonesia,11.6,2.3,3.4,1978,46316734,37.3,12,60.7,5.043478260869565
2022,USA,17.6,12.1,2.7,2800,787469860,40.0,2,46.7,1.4545454545454548
2022,Australia,11.1,11.2,4.1,756,325979799,35.3,8,12.4,0.9910714285714286
2023,Argentina,30.2,18.1,4.4,2930,542661199,32.7,12,64.1,1.6685082872928174
2004,Canada,10.2,8.4,3.2,941,152248022,45.2,14,43.4,1.2142857142857142
2002,South Africa,33.8,6.8,4.0,2381,351991271,8.5,4,62.1,4.970588235294118
2011,Australia,17.5,15.1,2.2,1613,1058333501,19.9,5,60.1,1.1589403973509933
2007,Indonesia,30.4,8.5,2.7,2937,1144952571,16.2,1,60.0,3.576470588235294
2021,Germany,23.9,13.1,3.9,1081,1298244488,49.5,7,51.9,1.8244274809160306
2002,Japan,27.1,13.1,2.5,2235,690744654,22.5,10,27.5,2.068702290076336
2000,USA,28.0,17.8,3.4,518,161376204,38.0,8,30.2,1.5730337078651684
2002,Indonesia,20.1,12.2,1.7,1624,639588420,35.8,1,28.5,1.6475409836065575
2004,China,21.3,10.3,3.4,1880,825442314,14.5,5,11.2,2.0679611650485437
2014,South Africa,20.4,3.2,4.4,2065,942604659,15.8,5,45.0,6.374999999999999
2013,Canada,22.6,2.8,4.5,2580,531451276,17.7,7,51.9,8.071428571428573
2002,USA,5.9,3.5,3.9,2493,1167300328,23.5,9,61.2,1.6857142857142857
2000,Argentina,16.9,3.9,4.0,2047,564877556,15.5,11,18.4,4.333333333333333
2004,Australia,23.2,12.9,3.2,1361,1359133613,5.9,4,42.7,1.7984496124031006
2022,Germany,22.9,14.9,3.3,654,1331115761,44.6,8,10.5,1.5369127516778522
2013,India,28.8,10.8,1.5,1404,867702697,48.5,0,15.7,2.6666666666666665
2006,France,24.7,16.7,2.8,1769,730089798,20.4,8,13.3,1.4790419161676647
2008,China,34.8,19.8,2.8,904,1119409767,20.2,9,53.5,1.7575757575757573
2014,South Africa,13.5,16.5,4.8,1343,758625247,5.3,6,14.9,0.8181818181818182
2014,France,15.8,14.1,2.7,2282,1280929698,35.6,3,53.0,1.1205673758865249
2009,USA,16.5,10.9,3.2,2064,1293640510,42.1,2,25.0,1.5137614678899083
2012,Germany,19.0,9.3,3.1,1684,539924174,11.6,13,62.7,2.043010752688172
2018,Germany,30.1,2.1,3.5,1246,791466287,12.2,9,58.8,14.333333333333334
2006,Indonesia,12.1,8.3,4.0,2225,666108195,40.6,14,67.5,1.4578313253012047
2016,UK,28.3,18.2,1.9,770,1102449044,32.7,10,63.0,1.554945054945055
2019,UK,17.2,16.3,3.1,1269,898807235,7.0,13,66.0,1.0552147239263803
2003,Australia,23.1,4.7,4.3,2215,970758730,33.0,5,61.5,4.914893617021277
2004,Indonesia,24.0,9.6,2.9,2010,841932971,18.9,11,51.6,2.5
2022,Russia,16.2,16.4,2.1,671,501887577,21.6,12,20.2,0.9878048780487805
2006,Australia,20.4,1.8,3.6,773,174232548,39.6,0,26.3,11.333333333333332
2012,Russia,17.4,8.1,4.3,2806,1085609772,41.5,2,22.8,2.148148148148148
2014,UK,7.1,17.1,1.3,1658,636476204,23.0,1,46.2,0.415204678362573
2010,Indonesia,18.1,8.4,4.1,2206,899066343,47.6,10,40.2,2.1547619047619047
2003,Russia,7.9,2.0,4.3,2271,885787660,23.3,12,62.0,3.95
2012,China,17.2,11.1,2.8,921,560862422,39.7,8,67.2,1.5495495495495495
2006,Indonesia,22.8,17.3,4.9,1944,875175631,26.8,2,34.3,1.3179190751445087
2018,UK,22.4,12.0,4.1,1709,1156608764,45.4,12,40.4,1.8666666666666665
2021,Australia,24.9,4.9,4.1,2911,281959311,45.8,1,68.3,5.081632653061224
2001,Mexico,7.9,8.0,4.0,2925,1326300382,8.9,3,26.6,0.9875
2009,Indonesia,24.6,9.3,1.6,1079,91233652,47.1,14,57.5,2.6451612903225805
2012,India,14.4,11.8,1.9,1390,1366390185,42.1,13,23.5,1.2203389830508473
2020,South Africa,17.0,15.3,2.9,1221,148881368,40.6,1,50.9,1.1111111111111112
2005,UK,30.7,2.4,2.1,1380,38697835,14.0,0,25.2,12.791666666666666
2011,Brazil,5.3,17.8,2.7,1621,1361023908,41.2,5,63.0,0.29775280898876405
2011,Brazil,22.7,0.7,4.6,2507,1297261375,43.3,14,43.7,32.42857142857143
2019,Australia,23.0,7.7,4.3,2569,161618848,18.0,9,21.2,2.987012987012987
2010,Australia,16.9,1.0,3.5,1973,373401883,47.9,7,23.5,16.9
2022,France,12.1,8.2,4.4,882,24043592,7.2,9,39.6,1.475609756097561
2006,South Africa,12.0,10.8,4.1,2681,165768267,11.7,9,67.7,1.111111111111111
2000,South Africa,31.5,10.5,2.7,1949,578915635,29.2,1,56.2,3.0
2000,China,18.3,3.7,1.8,2090,521491291,30.9,13,39.3,4.945945945945946
2019,Australia,14.9,13.1,3.1,2286,519602850,34.0,8,30.3,1.1374045801526718
2012,South Africa,18.5,1.4,3.9,643,575218436,5.8,14,43.0,13.214285714285715
2008,Argentina,25.1,15.4,2.7,2386,803864353,48.2,12,54.9,1.62987012987013
2002,France,9.4,19.0,3.7,2202,1080854924,7.0,2,57.0,0.4947368421052632
2006,Russia,18.5,7.1,1.4,1935,759565231,11.4,7,29.5,2.6056338028169015
2005,Germany,22.6,10.6,4.0,723,1345594489,5.6,11,53.3,2.1320754716981134
2007,Germany,33.5,7.9,4.3,719,427187850,30.5,7,49.5,4.240506329113924
2008,Russia,12.6,0.6,3.8,678,1184550275,47.0,14,67.5,21.0
2004,Canada,15.8,8.0,4.9,2154,552912628,35.0,2,65.9,1.975
2000,UK,16.4,15.9,4.3,932,925086342,42.0,2,57.4,1.0314465408805031
2018,France,23.2,12.1,4.6,764,863465591,5.6,11,53.4,1.9173553719008265
2009,Argentina,15.7,2.5,4.7,1453,548470440,29.4,14,26.4,6.279999999999999
2011,South Africa,21.0,17.0,4.2,928,1140524807,25.7,5,60.8,1.2352941176470589
2023,Mexico,28.5,10.9,3.7,2963,880619657,27.5,0,35.7,2.614678899082569
2014,France,26.2,16.9,1.0,2744,140376298,8.2,3,26.3,1.5502958579881658
2021,Indonesia,18.4,11.8,2.9,2077,1280891832,35.8,0,33.0,1.559322033898305
2023,Russia,30.9,11.4,3.3,979,1012843726,27.6,13,60.2,2.7105263157894735
2008,Argentina,21.7,2.6,2.2,1853,1025547493,39.4,2,18.9,8.346153846153845
2019,India,21.2,3.8,2.3,1389,1333758926,26.8,8,37.4,5.578947368421053
2016,Japan,6.0,19.5,4.8,1424,274995524,11.7,13,39.5,0.3076923076923077
2016,USA,34.6,5.0,4.6,2670,1041486581,34.2,13,12.2,6.92
2019,UK,8.7,19.6,4.4,2402,1215468402,12.8,4,21.7,0.4438775510204081
2011,Russia,11.9,10.9,2.6,1910,874974281,44.3,11,59.6,1.091743119266055
2006,Mexico,6.6,3.1,1.1,1862,1308776395,32.6,4,59.8,2.129032258064516
2001,South Africa,24.2,2.4,1.3,1277,614224337,12.1,10,27.5,10.083333333333334
2002,Mexico,11.7,4.6,2.2,2895,202831247,48.3,3,62.5,2.5434782608695654
2016,Mexico,10.4,18.5,1.1,528,935911975,28.3,2,56.3,0.5621621621621622
2004,Australia,7.7,8.6,1.1,534,1027559585,8.3,4,35.1,0.8953488372093024
2016,Australia,8.1,8.2,4.7,1919,1297393635,33.2,14,54.9,0.9878048780487805
2023,China,22.5,6.6,3.8,1088,554504868,16.4,13,67.7,3.409090909090909
2016,Russia,25.6,3.4,2.2,1403,603930696,41.2,10,37.5,7.529411764705883
2016,China,16.9,10.0,1.5,2669,776918225,41.8,3,24.3,1.69
2001,Russia,19.4,3.0,3.0,839,1035525610,49.1,7,66.5,6.466666666666666
2001,UK,25.6,16.8,1.0,674,183851069,27.6,3,46.2,1.5238095238095237
2021,France,5.5,7.7,4.8,2423,940617342,25.5,10,16.3,0.7142857142857143
2022,USA,14.7,7.8,2.7,2214,660650168,38.9,11,44.4,1.8846153846153846
2004,Mexico,34.2,9.7,2.6,1096,1177772833,11.0,7,40.0,3.525773195876289
2000,UK,22.4,9.2,2.6,950,1101337256,29.6,5,61.3,2.4347826086956523
2000,France,12.6,19.9,1.3,1056,400673293,29.6,14,41.8,0.6331658291457287
2018,Japan,20.7,11.1,3.6,1659,465764328,9.0,13,25.3,1.864864864864865
2001,Germany,15.3,2.2,3.9,1856,573710142,23.8,11,50.5,6.954545454545454
2020,Brazil,21.0,12.3,3.7,2556,1042719729,43.4,10,42.6,1.7073170731707317
2011,Indonesia,8.8,3.5,1.6,2881,1041970958,43.5,4,24.0,2.5142857142857147
2005,Argentina,9.0,1.1,3.3,1516,1253813851,9.5,3,44.4,8.181818181818182
2022,Russia,9.3,19.4,3.3,2874,981675241,9.1,3,59.3,0.47938144329896915
2003,Japan,33.2,15.6,4.5,2562,252075147,16.8,11,11.7,2.1282051282051286
2022,Germany,27.0,19.6,2.5,1338,990503091,44.4,3,47.9,1.3775510204081631
2010,South Africa,9.9,9.8,2.5,2137,1289186948,10.8,10,31.0,1.010204081632653
2023,Canada,10.7,10.9,3.5,725,1243293089,37.4,12,27.6,0.9816513761467889
2016,USA,26.9,3.8,3.5,2313,722640614,9.6,12,33.6,7.078947368421052
2005,Argentina,9.7,5.3,2.9,2660,704269727,33.0,8,30.5,1.830188679245283
2023,China,12.0,16.9,2.8,2520,508830032,21.0,3,59.9,0.7100591715976332
2004,China,33.9,7.4,3.0,1951,247496090,40.5,11,26.5,4.581081081081081
2019,France,12.7,16.6,4.4,2548,358801890,15.5,8,54.0,0.7650602409638553
2001,Argentina,24.8,14.3,2.8,2813,332640493,33.8,12,15.6,1.7342657342657342
2005,Australia,34.4,4.0,4.8,2014,748486965,15.6,9,67.1,8.6
2021,Germany,16.2,10.4,3.0,1731,652730854,37.1,5,47.3,1.5576923076923075
2010,Canada,5.5,13.7,4.8,2145,72556185,44.3,9,52.4,0.40145985401459855
2015,Japan,12.3,5.1,4.3,2235,421082224,10.7,12,27.9,2.4117647058823533
2015,USA,29.9,16.7,2.4,805,708549477,44.0,6,34.7,1.7904191616766467
2000,UK,30.9,11.1,4.5,2559,1270851030,31.7,11,23.4,2.7837837837837838
2008,Germany,28.1,3.7,1.4,2223,333786819,10.7,9,66.0,7.594594594594595
2005,Canada,8.4,11.9,4.7,2189,864707568,24.2,2,39.3,0.7058823529411765
2015,Brazil,28.9,20.0,3.5,2017,1213528698,12.2,7,47.8,1.4449999999999998
2002,Russia,32.6,3.4,1.2,1891,367347075,36.5,2,54.1,9.588235294117649
2019,UK,23.0,16.4,3.6,919,20916998,39.1,0,32.3,1.402439024390244
2003,China,33.2,4.5,4.9,2718,1102285590,9.8,12,53.2,7.377777777777778
2018,UK,29.8,15.8,1.3,633,32581057,27.8,12,50.6,1.8860759493670887
2002,Japan,25.0,14.8,3.2,2530,824431639,41.7,9,52.3,1.689189189189189
2018,China,22.3,6.4,4.0,1950,563892519,47.1,11,39.4,3.484375
2019,Japan,15.5,6.9,4.2,2053,693961526,28.1,4,33.0,2.2463768115942027
2006,France,9.8,16.0,2.7,1664,1278299069,47.8,1,23.3,0.6125
2019,Australia,23.1,9.5,1.8,2369,165930526,29.1,9,59.5,2.431578947368421
2008,Japan,14.5,14.8,1.2,2319,35139374,22.7,13,46.5,0.9797297297297297
2000,China,31.0,3.4,3.3,1842,1076162478,43.2,5,36.7,9.117647058823529
2007,France,34.8,17.1,2.8,1964,1335512175,27.2,12,66.6,2.0350877192982453
2006,Japan,27.6,14.4,4.8,2726,63232362,26.2,9,12.9,1.9166666666666667
2017,Brazil,7.7,18.2,1.2,1579,9355425,27.1,8,61.0,0.42307692307692313
2007,UK,13.7,3.1,3.7,1678,934132667,43.1,0,69.9,4.419354838709677
2000,Australia,8.3,12.1,1.1,2195,353488527,42.4,13,63.2,0.6859504132231405
2010,Japan,24.5,12.2,1.7,610,156286200,23.2,12,58.6,2.0081967213114753
2017,France,28.0,7.4,2.8,2684,1280061358,20.0,3,32.5,3.7837837837837838
2022,South Africa,32.8,9.4,2.8,2779,934565900,27.1,14,23.9,3.4893617021276593
2009,Germany,18.1,1.2,3.7,967,1267782685,30.8,0,54.1,15.083333333333336
2002,India,32.0,15.0,4.6,1313,1104495874,15.7,0,28.3,2.1333333333333333
2006,Canada,31.3,11.2,3.6,1772,847822613,40.7,7,20.6,2.794642857142857
2015,India,14.5,1.6,4.8,1493,813268912,26.9,13,57.2,9.0625
2015,South Africa,31.1,13.8,4.5,2531,358440341,20.0,13,28.8,2.253623188405797
2019,India,16.3,9.6,3.3,822,296295792,9.8,12,64.9,1.6979166666666667
2016,South Africa,13.9,1.2,4.3,1403,478389387,15.7,13,60.4,11.583333333333334
2001,USA,24.5,19.4,3.6,2041,214534006,47.7,10,60.9,1.2628865979381445
2000,South Africa,14.9,19.0,1.3,2499,131635220,18.7,14,56.3,0.7842105263157895
2015,South Africa,23.9,10.5,4.0,2315,975428867,12.6,1,62.9,2.276190476190476
2011,Mexico,23.3,2.3,1.4,2976,877150174,25.7,0,58.3,10.130434782608697
2004,South Africa,21.9,15.2,3.4,647,948953337,18.8,10,46.2,1.4407894736842104
2004,Brazil,16.4,10.1,3.8,1641,681529141,6.6,7,27.7,1.6237623762376237
2022,Germany,21.5,6.4,1.3,1349,248771060,19.5,3,63.3,3.359375
2008,Russia,22.9,10.1,1.9,866,268168851,29.5,2,60.4,2.267326732673267
2008,Japan,21.4,10.7,4.7,1589,235549454,29.8,12,38.4,2.0
2002,Canada,18.3,11.5,3.5,2538,1386998486,21.0,11,12.3,1.591304347826087
2018,Australia,5.4,9.1,2.0,674,1338375247,25.1,3,48.3,0.5934065934065935
2015,Germany,22.6,12.3,3.8,2354,55182052,48.4,13,13.0,1.8373983739837398
2015,China,10.1,18.4,3.4,1087,1250306574,22.0,10,65.6,0.5489130434782609
2002,Russia,24.3,7.6,3.0,994,12811984,16.6,4,67.7,3.197368421052632
2019,USA,27.8,14.7,4.9,1637,648823762,16.0,0,21.4,1.8911564625850341
2023,USA,20.0,17.9,3.7,2284,1310548957,25.6,14,50.6,1.11731843575419
2021,Indonesia,21.3,9.4,2.5,1670,495198828,39.2,13,15.5,2.2659574468085104
2023,UK,33.5,9.1,4.2,534,828538833,14.3,10,53.8,3.6813186813186816
2000,South Africa,30.4,12.2,4.5,1498,755505933,36.9,0,30.8,2.4918032786885247
2023,Germany,32.4,12.0,1.5,1832,555356797,6.0,2,50.9,2.6999999999999997
2019,France,29.4,16.2,1.8,1537,57650147,23.9,5,32.4,1.8148148148148149
2010,Mexico,8.3,9.8,1.9,873,1280296355,39.9,0,18.7,0.8469387755102041
2016,India,9.5,19.9,3.8,1951,926054419,20.2,13,34.4,0.47738693467336685
2007,China,20.8,1.7,3.4,2251,1203797363,30.4,10,16.8,12.23529411764706
2003,USA,12.4,0.6,3.5,2780,866033515,14.2,11,44.6,20.666666666666668
2005,Canada,19.3,13.0,4.8,1204,978026054,38.4,14,12.5,1.4846153846153847
2007,USA,16.8,6.3,4.1,1062,41988408,7.4,1,41.6,2.666666666666667
2019,Australia,21.5,5.2,1.5,2373,714759147,43.4,14,63.2,4.134615384615384
2002,Japan,27.4,6.6,2.4,2623,324417204,13.9,11,60.3,4.151515151515151
2015,USA,26.5,5.5,2.7,938,1377728769,44.3,13,63.0,4.818181818181818
2002,Australia,20.6,1.1,2.6,2383,31674998,20.9,6,65.3,18.727272727272727
2017,Germany,29.7,19.4,3.7,2479,770503180,37.5,13,16.3,1.5309278350515465
2013,Germany,17.9,4.8,4.6,1198,226407206,19.4,13,17.7,3.7291666666666665
2017,Mexico,31.9,14.8,2.2,1812,1095137353,45.8,0,43.4,2.1554054054054053
2001,UK,7.1,15.4,3.2,2063,901531557,10.7,12,63.6,0.461038961038961
2021,Indonesia,33.6,18.6,4.2,1191,884111039,13.0,13,68.5,1.8064516129032258
2002,Russia,24.6,1.1,2.7,2800,216501490,27.2,14,12.8,22.363636363636363
2015,USA,16.4,17.5,1.7,1700,93560788,8.7,6,31.3,0.937142857142857
2008,Canada,10.9,10.8,2.9,2957,416299975,13.8,14,22.8,1.0092592592592593
2003,USA,19.4,12.8,1.2,2134,536356608,47.5,3,55.4,1.5156249999999998
2000,Indonesia,10.8,13.1,4.8,2133,947854491,48.9,9,48.4,0.8244274809160306
2003,Argentina,10.0,16.5,1.3,626,1211429158,21.9,13,17.2,0.6060606060606061
2000,Canada,23.5,7.0,2.8,2006,584732301,46.5,5,39.0,3.357142857142857
2013,Brazil,20.7,14.8,3.1,1691,792568468,29.5,13,51.1,1.3986486486486485
2020,South Africa,25.1,10.8,4.9,793,1142896221,17.1,7,56.7,2.324074074074074
2015,Russia,32.9,16.0,1.7,1866,170058004,36.6,8,11.2,2.05625
2019,Brazil,21.0,19.8,1.5,1519,341217904,34.7,5,63.4,1.0606060606060606
2023,Argentina,22.4,4.4,1.0,2857,94830920,49.5,11,44.2,5.09090909090909
2007,Argentina,7.7,19.9,1.6,918,203114192,16.9,10,58.7,0.3869346733668342
2006,Indonesia,26.5,2.3,1.8,943,1179906692,35.2,12,58.5,11.521739130434783
2002,USA,17.0,0.5,3.5,1184,84528761,7.3,14,21.4,34.0
2016,Indonesia,34.3,1.4,1.9,2783,578387192,10.1,13,16.6,24.5
2000,Indonesia,29.7,7.2,1.1,1962,811864189,5.2,8,53.3,4.125
2015,Argentina,20.7,12.8,4.3,2761,455823356,50.0,3,19.4,1.6171874999999998
2011,Russia,8.7,1.8,2.5,584,117422206,41.1,5,61.0,4.833333333333333
2018,Brazil,30.8,0.6,2.4,2267,1247636178,40.4,7,53.6,51.333333333333336
2021,India,29.0,18.8,2.2,584,1218629667,27.9,8,60.5,1.5425531914893615
2022,USA,10.5,16.5,4.9,2444,267009905,18.5,2,27.9,0.6363636363636364
2021,Argentina,13.9,16.3,1.7,2612,46153952,11.8,1,29.0,0.852760736196319
2013,Brazil,28.8,17.7,4.6,2169,481755340,17.8,5,50.3,1.6271186440677967
2005,UK,10.6,14.2,4.1,1162,1125808525,21.9,3,11.9,0.7464788732394366
2005,India,32.5,2.5,1.3,1126,471324215,39.0,0,53.6,13.0
2012,India,17.7,8.3,4.9,563,294913021,29.3,7,60.1,2.1325301204819276
2018,Germany,7.6,14.6,2.1,1418,1255100522,8.5,8,34.9,0.5205479452054794
2021,Mexico,29.5,6.0,1.4,1875,153653744,5.8,13,55.9,4.916666666666667
2007,USA,16.2,13.9,4.3,1681,1078493355,9.6,8,20.5,1.1654676258992804
2001,India,20.8,1.0,3.8,2112,42474142,23.5,1,29.3,20.8
2020,Argentina,8.4,6.5,3.5,990,1225881222,47.0,8,68.5,1.2923076923076924
2000,Germany,5.1,11.2,1.6,2378,495220820,33.7,6,69.2,0.45535714285714285
2014,Brazil,24.1,12.8,2.9,2440,246829711,41.1,4,40.8,1.8828125
2000,UK,20.5,11.8,4.1,812,39478806,26.0,6,66.1,1.7372881355932202
2004,Australia,22.8,14.1,2.2,1418,217927603,21.3,12,41.4,1.6170212765957448
2015,USA,28.8,0.6,2.2,2382,204172325,9.9,8,27.5,48.0
2018,Russia,24.4,2.5,1.0,1312,1197982965,44.4,7,26.0,9.76
2003,Indonesia,10.2,17.4,1.7,1989,1129377860,40.2,5,65.8,0.5862068965517242
2002,Canada,15.8,13.8,4.5,1826,614382775,12.6,12,20.3,1.144927536231884
2016,Canada,32.2,2.7,2.8,1179,343865425,28.1,3,44.8,11.925925925925926
2016,Brazil,28.1,16.9,4.9,934,1393981934,26.9,12,43.3,1.6627218934911245
2011,France,21.7,5.2,2.6,1181,1214544133,33.1,14,54.4,4.1730769230769225
2013,France,12.7,9.8,3.9,1658,1199331484,47.6,0,40.0,1.2959183673469385
2020,Brazil,14.1,3.3,2.1,1573,1391047250,31.1,5,26.3,4.2727272727272725
2005,Argentina,27.0,14.3,2.5,1955,898654624,29.3,2,20.2,1.8881118881118881
2002,India,30.5,13.5,1.8,2887,377355052,7.3,5,47.2,2.259259259259259
2008,Mexico,25.1,4.6,2.4,2894,237078466,7.8,5,53.1,5.4565217391304355
2004,USA,29.3,17.3,3.2,1870,1377931241,13.4,13,44.2,1.6936416184971097
2023,Canada,28.0,8.3,5.0,1148,338334548,6.5,3,54.3,3.373493975903614
2016,Canada,9.5,6.2,3.7,744,355644712,38.5,1,18.5,1.532258064516129
2013,Mexico,17.7,3.5,1.8,2656,664661890,37.5,14,62.9,5.057142857142857
2020,India,9.6,5.7,1.2,795,988849880,11.1,8,44.9,1.6842105263157894
2002,Canada,12.1,0.9,1.5,2659,45925925,42.6,1,17.6,13.444444444444443
2000,Indonesia,31.1,11.9,3.3,2112,275452460,12.0,2,37.7,2.6134453781512605
2019,Russia,19.2,16.9,4.1,2890,1112504950,18.6,9,60.7,1.136094674556213
2020,USA,21.1,11.2,4.8,2648,320264723,16.2,0,63.9,1.8839285714285716
2022,Japan,10.4,4.8,1.1,2127,1360173043,21.8,6,25.9,2.166666666666667
2000,Canada,14.4,1.2,3.1,527,496479467,16.5,14,52.7,12.0
2002,Brazil,11.9,4.7,2.9,2485,374520492,27.0,0,16.0,2.5319148936170213
2017,Russia,11.2,8.6,3.6,2060,1303319060,23.3,10,12.0,1.3023255813953487
2009,Canada,24.1,15.3,3.2,557,915322799,49.4,8,43.6,1.5751633986928104
2021,South Africa,12.7,4.2,3.7,2021,1112155060,7.5,10,51.7,3.0238095238095237
2002,UK,24.0,14.5,3.6,796,305315340,11.4,10,57.7,1.6551724137931034
2007,Indonesia,6.8,17.4,1.5,2681,1264503560,7.4,0,30.4,0.39080459770114945
2013,Russia,9.3,9.4,4.2,2796,27559312,33.2,4,10.4,0.9893617021276596
2023,Germany,13.2,16.5,1.5,1401,538799164,7.5,6,38.8,0.7999999999999999
2017,Japan,22.9,11.3,3.8,2464,1335375745,42.6,2,11.0,2.0265486725663715
2014,UK,25.3,12.9,2.7,1598,772826167,28.0,8,15.5,1.9612403100775193
2021,China,18.3,10.8,3.1,2177,393241030,28.7,7,29.6,1.6944444444444444
2022,Brazil,18.4,9.5,4.6,1691,302427829,30.3,12,36.2,1.9368421052631577
2001,Brazil,26.7,5.1,4.6,1270,694412542,12.7,14,26.8,5.235294117647059
2009,USA,5.5,6.4,4.3,2026,474288233,13.9,2,44.9,0.859375
2001,Mexico,15.2,6.2,3.0,1878,162233683,19.3,14,13.3,2.451612903225806
2016,UK,29.6,11.5,3.9,1748,1238813576,31.7,4,18.7,2.573913043478261
2007,Russia,23.1,2.8,3.1,2054,61974096,14.5,6,51.7,8.250000000000002
2000,India,15.1,18.4,4.5,645,104256346,10.2,11,18.5,0.8206521739130436
2008,Brazil,32.2,14.6,2.6,2483,1107521006,48.7,13,48.4,2.205479452054795
2010,Russia,28.2,8.3,4.9,1764,147628865,6.0,3,13.3,3.3975903614457827
2021,Argentina,12.9,3.6,4.7,2407,809907325,41.1,4,34.4,3.5833333333333335
2015,Russia,24.4,17.7,4.0,2891,829537443,40.5,2,20.6,1.3785310734463276
2006,Argentina,22.9,16.6,2.1,2272,1069151826,18.4,8,16.6,1.3795180722891565
2009,South Africa,17.0,14.6,1.5,1558,1002416208,11.1,9,44.0,1.1643835616438356
2022,Australia,16.0,5.8,4.4,2548,916438404,11.6,8,65.7,2.7586206896551726
2002,Australia,15.3,8.3,1.7,2519,1235851188,36.4,6,13.3,1.8433734939759034
2017,China,23.5,2.5,4.4,652,165154106,33.9,9,35.3,9.4
2023,Germany,18.3,4.2,3.0,2976,1017684486,40.2,1,52.5,4.357142857142857
2012,China,30.0,15.8,2.6,1007,144123536,47.2,6,37.8,1.8987341772151898
2006,Argentina,25.1,14.4,4.6,990,417520615,36.1,6,58.4,1.7430555555555556
2003,UK,7.1,12.1,3.4,844,727544812,12.0,10,20.8,0.5867768595041322
2012,Canada,24.2,18.0,3.3,2435,240259011,16.0,4,67.6,1.3444444444444443
2019,India,13.1,11.9,3.2,2261,556011992,42.9,8,33.1,1.1008403361344536
2000,Canada,22.8,9.6,2.5,720,248996061,14.4,12,30.5,2.375
2007,France,25.4,7.1,4.1,2438,444435735,8.3,11,62.5,3.5774647887323945
2013,Canada,11.9,18.8,2.0,2442,254618460,36.6,10,43.8,0.6329787234042553
2015,USA,18.7,2.1,4.8,1222,977078792,23.1,2,41.0,8.904761904761903
2013,Canada,10.7,18.7,4.6,1027,1167788803,46.4,3,53.6,0.5721925133689839
2011,China,6.6,16.6,2.3,2022,189064050,34.3,0,44.8,0.3975903614457831
2018,Brazil,16.4,3.0,3.9,2164,446630103,9.1,5,19.8,5.466666666666666
2022,Indonesia,15.9,11.5,3.3,980,838390349,47.7,3,50.5,1.382608695652174
2014,Brazil,34.9,17.4,2.4,2371,1269827972,16.6,0,18.0,2.005747126436782
2001,Australia,18.4,11.7,5.0,1962,66141905,20.2,1,58.4,1.5726495726495726
2001,Indonesia,15.0,18.2,1.1,1925,389949929,23.1,14,69.4,0.8241758241758242
2022,Mexico,22.4,18.9,2.0,844,722568466,7.3,2,32.6,1.1851851851851851
2021,India,7.7,8.7,3.1,544,479208779,27.3,8,36.7,0.885057471264368
2018,India,33.8,7.9,3.1,2568,573634321,10.5,12,12.8,4.2784810126582276
2021,USA,24.0,18.8,3.4,2157,1169884055,23.0,7,10.8,1.276595744680851
2021,UK,27.6,13.7,4.0,2387,1363325194,20.8,6,65.3,2.0145985401459856
2016,China,10.1,2.8,3.5,2595,733130914,39.8,12,17.7,3.607142857142857
2019,Australia,17.3,1.3,3.4,2014,59676502,41.1,14,36.7,13.307692307692308
2009,South Africa,17.7,11.5,1.2,2834,125314911,11.9,10,58.9,1.5391304347826087
2005,France,29.7,18.6,2.5,1501,1030270792,21.5,11,63.4,1.596774193548387
2014,UK,5.0,17.0,1.9,1533,1211235150,21.8,13,41.2,0.29411764705882354
2021,India,14.0,13.7,2.1,2540,140110299,11.8,3,43.9,1.0218978102189782
2010,Brazil,34.4,3.2,3.2,773,1263782460,40.9,0,50.2,10.749999999999998
2004,Canada,19.2,5.5,1.8,1455,60556258,36.8,7,67.7,3.4909090909090907
2000,Canada,16.5,17.6,2.2,2279,329517333,13.6,3,46.2,0.9374999999999999
2007,Mexico,8.6,4.1,1.9,880,1275080026,21.5,2,43.6,2.097560975609756
2020,Australia,34.2,5.9,4.8,1852,1332348555,9.8,8,10.9,5.796610169491526
2011,China,5.6,3.0,4.8,978,883572947,33.3,9,14.9,1.8666666666666665
2011,China,27.1,13.7,3.4,2562,1024446336,10.5,3,44.6,1.978102189781022
2004,Germany,28.1,18.9,4.7,1015,806325524,49.4,3,66.2,1.486772486772487
2006,Argentina,12.3,5.7,4.1,690,964717552,40.1,13,62.0,2.1578947368421053
2003,Japan,25.1,9.8,3.4,1691,1077312172,22.6,8,69.0,2.561224489795918
2005,India,7.8,12.9,1.0,1660,20339904,31.0,12,41.7,0.6046511627906976
2012,China,12.7,20.0,4.1,2701,1014597705,46.0,11,57.3,0.635
2019,Mexico,28.6,2.5,3.8,1911,1121338990,29.9,10,60.4,11.440000000000001
2014,Brazil,30.9,10.2,3.5,771,617520058,12.9,11,48.9,3.0294117647058822
2002,Australia,23.3,8.0,4.0,642,40028538,22.0,13,30.3,2.9125
2022,France,20.2,17.4,3.1,2412,797324959,42.9,1,38.2,1.160919540229885
2007,Germany,9.8,9.8,3.8,1592,637933053,34.0,13,61.5,1.0
2019,Mexico,6.9,2.7,4.7,2794,782955174,34.3,11,27.9,2.5555555555555554
2015,Russia,8.5,12.9,2.5,1287,48647611,44.0,4,65.4,0.6589147286821705
2012,USA,11.8,15.5,3.8,2626,56245653,45.2,14,23.8,0.7612903225806452
2017,France,15.3,0.6,2.9,2181,342901215,46.4,3,55.0,25.500000000000004
2009,Argentina,16.4,17.2,3.7,1122,306798170,9.3,8,47.8,0.9534883720930232
2018,Russia,15.4,4.1,4.1,1437,889870619,29.5,11,55.0,3.75609756097561
2016,South Africa,12.2,11.3,1.2,1618,663913018,38.3,4,36.2,1.079646017699115
2023,Argentina,20.3,8.6,3.6,1116,599934182,39.1,8,66.0,2.36046511627907
2018,Canada,29.8,14.5,1.9,1531,298239516,32.3,10,47.9,2.0551724137931036
2022,USA,13.4,7.7,3.7,566,1049605777,12.5,8,27.3,1.7402597402597402
2004,India,33.3,17.5,2.9,690,357936501,40.9,13,48.3,1.9028571428571428
2020,Brazil,31.2,14.7,4.1,1020,937363773,37.4,1,27.2,2.122448979591837
2022,USA,9.9,13.1,1.5,1489,688166625,8.9,13,27.6,0.7557251908396947
2008,Argentina,28.6,16.0,3.5,1640,398067665,25.9,14,34.0,1.7875
2011,Japan,22.2,15.2,2.1,2814,565411899,12.8,8,61.1,1.4605263157894737
2020,Russia,22.0,1.2,4.4,2134,1128364538,20.2,2,40.0,18.333333333333336
2000,India,16.7,8.2,4.7,1687,349817800,5.8,3,50.7,2.0365853658536586
2000,Indonesia,20.0,18.7,5.0,875,938024200,23.0,0,33.5,1.0695187165775402
2014,Japan,16.9,3.0,4.2,1152,1048951853,29.7,13,25.8,5.633333333333333
2001,Canada,21.2,14.9,4.0,1048,535387911,32.9,0,67.3,1.4228187919463087
2021,Japan,23.8,19.5,1.9,1597,428766962,34.9,0,46.2,1.2205128205128206
2015,Germany,25.2,1.5,2.3,572,217257105,42.6,8,66.0,16.8
2007,Germany,21.0,13.8,2.9,2855,1064569796,14.7,10,22.2,1.5217391304347825
2012,South Africa,26.6,9.6,4.1,698,60938189,10.4,7,18.8,2.7708333333333335
2020,Argentina,9.2,11.8,4.7,2281,817572573,43.3,4,61.3,0.7796610169491525
2000,Australia,11.4,2.2,1.8,1071,1388230143,12.0,4,50.9,5.181818181818182
2015,France,29.6,1.3,4.7,1290,1379671819,48.9,8,21.2,22.76923076923077
2006,France,14.7,13.5,3.8,2138,690916097,42.9,2,26.2,1.0888888888888888
2004,Indonesia,5.7,16.6,3.4,2331,113072938,27.5,2,58.0,0.3433734939759036
2021,Indonesia,9.6,15.7,1.8,2355,744131853,49.2,6,37.2,0.6114649681528662
2022,India,11.7,11.1,1.2,2010,807462613,9.4,8,50.2,1.054054054054054
2002,Canada,33.7,2.4,3.3,1674,1146777310,18.6,5,29.1,14.041666666666668
2011,China,22.2,13.9,3.6,678,1175564118,33.7,13,32.9,1.5971223021582732
2015,South Africa,33.0,5.2,1.8,2744,514381167,20.8,1,69.4,6.346153846153846
2018,Germany,22.3,18.3,3.2,1234,1016644563,46.8,0,24.9,1.2185792349726776
2004,India,19.4,16.8,4.4,2636,990213564,8.0,1,40.4,1.1547619047619047
2021,China,14.4,14.3,4.3,1298,222866661,29.7,13,60.7,1.0069930069930069
2013,France,23.2,19.0,4.7,1287,458035062,31.6,13,24.4,1.2210526315789474
2004,Australia,9.2,1.1,2.5,708,212718211,34.4,0,34.9,8.363636363636362
2014,Japan,31.9,14.9,2.3,992,1382916110,16.5,9,46.9,2.140939597315436
2016,Germany,29.9,6.9,4.0,2157,597867288,21.4,9,38.9,4.333333333333333
2013,India,14.5,18.2,2.7,1231,1063134918,43.0,8,37.6,0.7967032967032968
2019,USA,33.6,5.7,1.4,1629,1356634360,13.8,14,31.8,5.894736842105263
2004,China,29.8,14.6,2.1,2105,206788510,42.2,9,45.2,2.041095890410959
2011,Japan,25.0,17.6,2.7,1093,1378540228,30.3,14,47.5,1.4204545454545454
2015,Germany,8.7,1.3,2.2,1715,907925675,39.3,11,49.2,6.692307692307692
2015,France,19.3,8.3,2.3,824,826741489,37.1,13,14.2,2.325301204819277
2020,Mexico,20.2,15.4,2.2,1478,30190953,14.3,12,47.9,1.3116883116883116
2006,Canada,12.0,9.4,1.2,2249,1330161573,30.6,7,67.2,1.276595744680851
2003,China,7.4,5.7,3.5,2350,1134255035,44.0,14,42.5,1.2982456140350878
2000,France,28.3,4.8,3.4,1990,61481382,24.4,6,52.9,5.895833333333334
2004,Germany,8.7,3.1,3.6,1393,1200864257,48.5,14,43.4,2.8064516129032255
2022,China,22.8,17.2,1.8,1890,97623054,25.3,2,61.3,1.3255813953488373
2009,South Africa,33.1,11.7,2.2,643,329758237,11.4,7,65.8,2.8290598290598292
2021,Japan,31.3,2.0,3.5,883,606697131,22.5,1,21.1,15.65
2004,UK,13.3,8.0,3.4,2763,1230785104,47.8,1,36.2,1.6625
2003,Germany,30.5,7.7,3.0,2871,1038669571,19.4,10,33.5,3.961038961038961
2001,South Africa,5.0,4.0,2.4,716,779600765,44.1,9,34.3,1.25
2019,Russia,5.5,9.0,4.7,2015,12631400,44.7,2,17.5,0.6111111111111112
2009,India,23.1,7.0,2.4,2730,928647198,20.8,6,58.8,3.3000000000000003
2018,Mexico,15.9,7.2,2.8,2817,461954875,8.7,0,12.1,2.2083333333333335
2000,Indonesia,16.6,14.9,3.7,1990,381441078,37.6,7,41.7,1.1140939597315438
2023,Japan,21.9,4.9,3.2,2135,760660662,19.0,11,49.7,4.46938775510204
2004,China,10.8,13.0,2.4,2852,34357473,40.2,6,22.4,0.8307692307692308
2012,Canada,11.4,11.6,2.7,1667,276284677,24.9,3,64.4,0.9827586206896552
2003,France,19.5,11.6,4.2,610,413929509,26.8,13,60.3,1.6810344827586208
2015,Indonesia,27.6,13.4,2.1,1513,1029993337,40.0,14,38.3,2.0597014925373136
2023,USA,23.6,11.2,1.6,731,1196150514,22.2,4,34.7,2.107142857142857
2015,France,13.9,17.6,2.3,2214,907108797,24.9,9,24.2,0.7897727272727272
2022,China,17.9,13.7,4.4,2255,804974926,21.9,12,53.8,1.3065693430656935
2001,Mexico,10.1,11.2,1.4,2077,131368589,21.5,0,17.9,0.9017857142857143
2016,Argentina,7.2,16.7,5.0,1796,1353028485,28.7,3,50.8,0.4311377245508982
2019,France,28.5,12.3,3.2,2720,1331017695,41.4,14,60.5,2.317073170731707
2023,Argentina,13.0,6.2,4.9,1472,935533058,21.3,0,23.7,2.096774193548387
2011,India,10.3,4.5,4.8,1530,575572757,28.6,0,62.0,2.288888888888889
2017,Mexico,25.7,3.5,2.8,1017,761831829,35.2,9,12.0,7.3428571428571425
2002,Germany,23.5,18.0,1.8,1413,512192626,17.1,0,64.8,1.3055555555555556
2000,South Africa,24.0,14.3,1.7,2762,313096322,17.5,6,17.1,1.6783216783216783
2000,USA,11.9,18.8,2.0,2681,297043004,47.0,6,48.7,0.6329787234042553
2018,Brazil,12.0,12.3,3.8,2832,856099723,37.6,3,25.0,0.975609756097561
2010,China,11.6,9.7,2.1,2444,946279632,31.0,14,60.2,1.1958762886597938
2004,Australia,10.2,1.7,2.4,1962,517404742,34.1,12,40.7,6.0
2011,Brazil,24.7,13.6,2.8,2372,1091856204,6.3,11,18.1,1.8161764705882353
2002,France,30.4,11.9,4.7,2878,193419191,32.8,1,44.3,2.5546218487394956
2000,Indonesia,26.7,19.8,1.8,1807,540634691,27.9,11,34.5,1.3484848484848484
2000,China,28.8,5.2,1.0,1398,385683145,29.6,2,49.7,5.538461538461538
2007,South Africa,17.1,10.8,1.2,1598,1245372198,21.2,7,62.9,1.5833333333333333
2009,Russia,24.6,13.2,4.6,1689,925981847,8.7,12,34.6,1.8636363636363638
2010,South Africa,15.6,13.1,3.6,1712,1026431056,13.7,7,27.4,1.1908396946564885
2011,Australia,20.8,11.4,2.1,2625,1165547123,47.8,10,10.9,1.8245614035087718
2012,USA,19.4,15.7,1.7,1187,918159557,23.4,10,44.5,1.2356687898089171
2011,South Africa,10.3,4.5,2.2,2568,1119101202,26.0,5,34.1,2.288888888888889
2013,Canada,16.6,14.6,1.5,1065,956249631,7.4,14,32.5,1.1369863013698631
2001,Russia,33.9,12.6,4.8,1707,877308425,6.7,9,21.0,2.6904761904761902
2018,Brazil,12.5,18.0,4.1,2394,32747976,37.3,8,35.8,0.6944444444444444
2017,Germany,9.0,17.0,2.8,1326,934953242,29.2,10,69.1,0.5294117647058824
2002,India,17.6,6.6,4.5,1851,40236300,27.9,11,27.9,2.666666666666667
2022,Canada,28.7,5.9,2.0,2726,599372628,15.9,8,46.0,4.864406779661016
2016,UK,22.5,19.6,3.9,2311,1290081090,38.5,3,56.6,1.1479591836734693
2007,Russia,25.4,10.8,4.4,1582,1038917176,12.6,11,54.9,2.3518518518518516
2009,Germany,10.7,18.2,2.4,1850,1303590308,13.5,0,29.7,0.5879120879120879
2001,Germany,23.6,3.7,4.0,2144,293218023,25.7,0,46.7,6.378378378378378
2018,China,14.7,13.0,2.2,690,931316975,17.9,14,62.3,1.1307692307692307
2008,Russia,30.0,16.3,2.2,1723,1362092917,16.1,11,10.9,1.840490797546012
2006,USA,23.9,19.0,1.4,1835,1146873886,34.0,9,36.1,1.2578947368421052
2003,France,11.0,7.1,2.8,1207,1151159927,34.3,14,23.5,1.5492957746478875
2020,Australia,6.9,14.6,3.9,878,26451115,42.1,4,33.3,0.47260273972602745
2017,UK,6.3,11.0,4.8,886,1193832295,23.8,13,35.0,0.5727272727272728
2012,Australia,16.1,1.7,3.4,2784,393935884,8.3,12,54.8,9.47058823529412
2010,Brazil,13.0,14.0,4.5,1115,1060152685,17.3,1,15.6,0.9285714285714286
2023,Brazil,24.4,14.0,4.3,2042,55101132,49.1,14,40.8,1.7428571428571427
2003,Australia,20.0,18.6,1.7,2830,621558597,31.8,5,43.9,1.075268817204301
2020,South Africa,13.0,10.2,2.9,2548,805165392,36.9,6,39.6,1.2745098039215688
2003,USA,9.5,5.0,1.5,2254,786397155,5.3,0,53.9,1.9
2009,Argentina,8.8,1.4,3.7,963,1344612647,28.3,5,33.0,6.2857142857142865
2004,South Africa,30.9,8.6,4.8,1466,999167792,6.7,7,66.7,3.5930232558139537
2008,Indonesia,12.3,6.4,1.5,671,262587298,30.6,11,38.9,1.921875
2023,South Africa,24.6,15.3,3.9,1646,583534992,46.4,4,44.3,1.607843137254902
2002,India,29.3,7.4,3.5,1342,866716200,48.6,13,59.5,3.959459459459459
2016,Japan,23.4,19.0,3.3,1821,43209016,29.3,11,26.5,1.2315789473684209
2002,France,30.8,19.3,2.6,2408,1193787532,25.6,6,14.5,1.5958549222797926
2015,India,16.8,12.6,2.4,1189,970973825,47.5,9,52.5,1.3333333333333335
2003,China,33.7,18.6,1.2,2007,757020571,35.3,5,39.0,1.8118279569892473
2017,Japan,9.0,15.3,1.9,2712,831550186,7.9,3,63.8,0.5882352941176471
2016,Japan,8.1,11.2,1.1,2524,1144515609,26.0,14,69.0,0.7232142857142857
2006,Russia,24.8,4.0,3.3,2222,1307076526,15.8,14,33.9,6.2
2023,USA,33.3,9.4,1.4,882,589637290,26.1,6,34.9,3.542553191489361
2022,USA,29.3,11.4,4.5,2756,1339427830,25.5,9,34.5,2.570175438596491
2004,Japan,7.3,17.3,3.1,1912,1263362850,31.2,8,29.5,0.4219653179190751
2011,Indonesia,13.4,9.9,3.8,2083,1358606331,21.1,9,56.9,1.3535353535353536
2016,South Africa,32.9,18.0,2.6,2771,976037143,12.4,9,55.5,1.8277777777777777
2022,Russia,12.6,13.6,3.2,2550,829586067,27.7,12,38.7,0.9264705882352942
2012,France,28.4,3.2,4.8,871,226805324,42.4,6,12.7,8.874999999999998
2022,Japan,29.8,19.9,1.3,2210,968059240,34.9,11,28.6,1.4974874371859297
2002,Canada,19.9,10.8,2.0,1969,449460600,20.2,13,27.5,1.8425925925925923
2008,Brazil,16.6,8.1,4.1,1110,698150132,47.1,4,58.7,2.049382716049383
2016,Brazil,18.5,13.4,1.4,615,297280556,46.0,6,15.3,1.380597014925373
2016,India,11.8,2.6,1.3,946,472080203,14.4,2,58.3,4.538461538461538
2019,China,31.7,12.9,2.4,1891,136202316,6.8,1,50.2,2.4573643410852712
2015,Mexico,18.5,10.2,1.4,1840,672570272,38.4,10,53.9,1.8137254901960786
2021,Mexico,31.5,8.4,3.3,914,1082464871,42.2,14,35.9,3.75
2012,Brazil,8.2,19.1,1.9,2308,294211471,48.6,4,50.8,0.42931937172774864
2018,Argentina,34.6,10.7,4.6,1547,298632383,45.0,3,46.5,3.2336448598130842
2016,Germany,18.3,4.8,4.1,2373,1180680940,32.0,4,56.1,3.8125000000000004
2003,India,6.4,9.4,3.8,1573,9918562,28.9,7,36.8,0.6808510638297872
2011,Mexico,6.1,18.4,3.5,1217,1120735671,6.3,11,38.4,0.3315217391304348
2008,Brazil,27.4,3.9,4.5,1858,79510809,16.1,3,48.6,7.0256410256410255
2018,China,24.8,4.7,1.9,2105,341648458,25.7,14,16.5,5.276595744680851
2011,Mexico,29.1,0.8,4.5,2818,955410877,33.3,8,36.2,36.375
2008,South Africa,8.2,0.8,4.2,1061,748997300,30.1,6,68.3,10.249999999999998
2006,South Africa,6.1,16.7,4.0,2794,298662647,38.4,9,12.3,0.3652694610778443
2013,USA,20.3,14.8,3.2,886,202353097,17.6,12,29.0,1.3716216216216217
2019,Indonesia,16.6,7.4,2.0,1201,566743465,30.4,11,28.8,2.2432432432432434
2018,USA,18.9,14.1,2.7,1472,922097331,9.0,6,48.0,1.3404255319148934
2014,France,34.7,8.2,4.2,1884,81521377,23.6,14,16.3,4.231707317073171
2015,Japan,34.1,19.1,1.1,1483,220754183,38.8,12,47.7,1.7853403141361257
2020,Canada,33.3,19.4,4.1,2011,117312606,36.2,12,15.7,1.7164948453608246
2004,USA,28.5,8.2,2.0,851,1001119882,49.6,7,15.7,3.4756097560975614
2002,UK,15.6,17.2,1.6,2224,1274221100,17.5,11,53.7,0.9069767441860466
2011,Mexico,17.4,15.6,1.5,2451,1333450369,27.4,5,29.4,1.1153846153846154
2019,Argentina,21.5,6.5,1.1,1779,781668712,19.8,7,68.6,3.3076923076923075
2020,Russia,29.9,5.0,3.1,2407,536210430,24.8,2,12.2,5.9799999999999995
2003,Brazil,7.1,9.4,1.9,1252,18750431,43.6,9,36.7,0.7553191489361701
2020,Russia,17.7,15.7,5.0,1524,655879251,35.8,9,16.8,1.127388535031847
2022,UK,7.5,19.2,3.3,1045,1387457528,44.7,13,31.1,0.390625
2015,China,20.4,15.4,1.6,1969,227429665,14.2,0,69.9,1.3246753246753245
2006,USA,32.0,17.2,3.8,578,1109563889,44.3,5,63.3,1.8604651162790697
2012,Canada,28.5,12.3,4.6,1759,232840139,7.7,0,12.9,2.317073170731707
2020,China,11.8,16.8,4.0,2881,573451526,45.0,8,43.8,0.7023809523809524
2009,Germany,34.3,15.8,1.3,1388,1280706662,19.8,13,48.9,2.1708860759493667
2006,Germany,25.0,7.9,4.6,1605,703458181,19.2,1,22.6,3.1645569620253164
2013,Russia,5.3,11.3,4.2,2490,892723644,28.0,10,18.7,0.4690265486725663
2004,Japan,12.7,16.2,1.6,2000,1307202006,47.3,1,64.3,0.7839506172839507
2002,India,12.8,1.4,1.2,1420,457184922,7.2,6,68.1,9.142857142857144
2022,Japan,7.1,16.3,3.2,1049,521147693,20.9,1,69.5,0.43558282208588955
2010,Mexico,33.8,4.0,1.6,2561,1185883781,43.5,9,57.4,8.45
2010,UK,19.3,10.5,4.3,891,1297221349,22.8,7,49.8,1.8380952380952382
2017,South Africa,31.9,16.3,2.4,2857,1323666625,14.0,5,30.7,1.9570552147239262
2014,France,14.7,5.4,4.7,2933,1151040277,24.1,13,20.3,2.722222222222222
2011,Japan,8.8,5.3,3.3,1880,552503699,22.3,6,14.7,1.6603773584905663
2008,Indonesia,19.2,8.4,1.7,1473,490479768,46.2,6,51.6,2.2857142857142856
2009,France,8.4,17.9,1.6,839,619079995,39.3,5,57.1,0.46927374301675984
2011,UK,19.6,0.5,3.3,1256,167459760,27.7,9,59.6,39.2
2016,France,32.6,18.1,4.0,1545,333230308,49.5,10,64.8,1.8011049723756904
2005,Canada,20.6,3.5,4.1,2838,1138205296,25.9,8,62.8,5.885714285714286
2006,USA,23.5,19.8,2.1,2853,629814899,7.6,12,70.0,1.1868686868686869
2013,Canada,9.7,19.1,1.8,1438,1141561184,16.8,8,24.6,0.5078534031413612
2012,France,6.3,10.1,1.1,1347,1318582449,24.6,14,55.8,0.6237623762376238
2007,China,8.3,10.5,3.7,941,124297006,12.1,6,45.2,0.7904761904761906
2009,Germany,23.0,9.9,1.3,629,1082501828,47.6,8,25.7,2.323232323232323
2008,France,7.9,12.9,2.7,1096,148647462,39.5,12,68.9,0.6124031007751938
2017,Canada,16.3,2.3,3.4,2458,1391480145,17.1,9,63.9,7.086956521739132
2001,Argentina,21.5,1.1,4.7,2005,597841637,31.6,2,17.7,19.545454545454543
2004,UK,16.7,1.6,2.2,1361,367224757,37.5,2,11.6,10.437499999999998
2004,China,9.9,9.2,2.0,1498,350813108,47.4,0,51.3,1.0760869565217392
2005,Canada,13.2,5.9,3.6,2872,1257944094,44.7,4,46.2,2.23728813559322
2018,Japan,32.8,12.6,3.5,2995,1274619263,28.2,14,66.1,2.603174603174603
2007,Brazil,25.3,19.9,2.3,2051,196111561,39.9,3,24.0,1.271356783919598
2015,Russia,19.9,8.0,4.7,2140,1139652750,30.3,1,15.1,2.4875
2012,India,5.4,11.7,4.4,2011,574018793,29.9,8,25.6,0.4615384615384616
2000,South Africa,34.8,8.6,1.9,2236,824102127,10.2,2,11.1,4.046511627906977
2021,Canada,25.1,17.0,2.0,1949,1268064913,10.7,14,12.2,1.4764705882352942
2019,Indonesia,14.5,18.1,3.0,2357,947298966,28.8,7,64.9,0.8011049723756906
2016,India,31.4,17.6,4.1,764,702602016,17.1,5,31.1,1.784090909090909
2006,UK,12.8,19.5,1.2,1962,444312143,5.9,13,34.6,0.6564102564102564
2012,Argentina,21.3,1.0,3.8,656,449021301,37.5,12,11.1,21.3
2003,Australia,24.1,16.9,3.6,1945,366223269,6.5,4,26.2,1.42603550295858
2003,Canada,11.6,15.2,1.9,2798,625984226,31.8,0,58.3,0.7631578947368421
2005,Brazil,34.4,5.0,3.7,2132,104922177,29.3,3,46.9,6.88
2018,India,27.4,19.1,4.8,2874,122071965,48.6,2,55.2,1.4345549738219894
2011,South Africa,21.7,3.4,1.2,1394,717982156,26.8,0,36.8,6.38235294117647
2021,France,10.4,13.8,2.3,2644,1148375055,7.9,11,28.6,0.7536231884057971
2006,Canada,6.6,4.9,2.8,1012,459323770,29.8,14,39.0,1.3469387755102038
2009,USA,14.6,8.9,4.6,715,643338166,42.8,4,29.4,1.640449438202247
2018,Argentina,27.6,14.5,4.8,2672,555420966,49.9,5,60.3,1.903448275862069
2006,UK,13.1,11.5,2.8,2206,1041665235,24.4,1,27.9,1.1391304347826086
2002,Russia,21.2,8.8,4.0,2606,542400855,19.4,14,49.6,2.4090909090909087
2012,Brazil,26.8,6.9,3.1,2067,615628540,45.8,13,18.2,3.8840579710144927
2012,Mexico,8.2,16.9,3.2,2708,324319642,13.6,2,51.2,0.48520710059171596
2017,Mexico,25.6,3.3,2.1,2831,1357107613,32.7,10,64.8,7.757575757575759
2019,Indonesia,7.8,8.9,1.9,2653,483741561,23.3,13,46.5,0.8764044943820224
2007,India,34.0,18.1,2.2,1628,522918956,6.8,14,43.6,1.878453038674033
2008,Brazil,19.7,17.0,3.2,727,212780506,20.6,5,67.7,1.1588235294117646
2006,China,9.5,8.3,1.1,2865,945299929,16.9,3,47.6,1.1445783132530118
2000,South Africa,15.3,15.4,4.6,1987,1106864831,35.9,8,25.6,0.9935064935064936
2002,Russia,17.4,16.6,1.6,1301,583661545,47.7,4,27.5,1.0481927710843373
2012,France,27.7,17.8,1.9,2122,1117897844,17.1,3,52.3,1.5561797752808988
2016,Canada,27.3,11.1,3.1,2405,574525178,41.5,1,54.1,2.4594594594594597
2023,Canada,23.4,4.5,3.8,971,1380296219,7.5,5,28.2,5.199999999999999
2000,Mexico,8.2,5.5,1.4,1579,475061537,29.2,9,30.7,1.4909090909090907
2005,Canada,9.5,6.3,2.3,2560,904452825,8.2,1,69.5,1.507936507936508
2020,UK,7.8,12.1,4.9,1541,31063151,47.0,11,16.1,0.6446280991735537
2005,Russia,22.3,1.1,2.0,2660,484197278,39.5,12,34.3,20.272727272727273
2011,USA,31.3,12.9,2.3,728,310976210,34.6,6,13.7,2.4263565891472867
2012,Australia,18.0,7.6,4.3,670,1014270408,42.1,2,59.3,2.368421052631579
2012,Indonesia,9.8,6.3,1.2,794,1182540700,34.1,8,15.5,1.5555555555555558
2014,Germany,21.7,17.7,2.9,688,598463676,48.6,10,50.4,1.2259887005649717
2020,Japan,29.4,9.5,2.5,925,733726265,37.1,4,13.4,3.094736842105263
2015,Indonesia,27.3,2.4,2.3,1476,1132944962,46.6,7,50.4,11.375
2021,India,31.4,16.6,2.1,1602,1242658359,28.3,10,60.6,1.8915662650602407
2020,USA,13.3,1.4,1.4,1418,1199856255,10.3,5,33.9,9.500000000000002
2010,Indonesia,10.8,14.7,2.3,998,442921564,28.8,13,41.3,0.7346938775510204
2004,France,31.4,15.6,1.2,2321,663371850,10.7,11,34.1,2.0128205128205128
2003,Mexico,24.7,7.4,4.1,1365,106846880,31.7,9,28.0,3.3378378378378377
2002,Argentina,14.3,16.6,2.6,1325,845772793,26.7,7,58.2,0.8614457831325301
2018,India,27.3,10.6,2.8,2358,322950922,33.0,12,26.3,2.5754716981132075
2019,Canada,29.5,9.5,4.6,2618,968769498,5.5,12,53.4,3.1052631578947367
2017,Brazil,23.4,1.4,3.6,2795,958819872,13.8,10,22.4,16.714285714285715
2014,France,25.6,6.2,1.0,645,93966977,27.1,11,25.0,4.129032258064516
2008,India,16.3,18.7,4.8,2141,281361562,47.8,2,30.2,0.8716577540106952
2016,Argentina,21.2,8.1,1.9,1819,395181795,22.3,2,45.3,2.617283950617284
2013,South Africa,20.7,11.2,1.4,969,1383289354,24.1,4,37.3,1.8482142857142858
2014,Canada,30.4,10.9,4.1,692,778188462,37.2,10,54.7,2.788990825688073
2000,Indonesia,30.2,12.0,3.0,1591,629396369,32.2,9,22.8,2.5166666666666666
2020,Indonesia,30.0,1.7,2.7,551,633829632,18.5,2,10.6,17.647058823529413
2021,India,5.3,7.6,2.0,2910,62104574,23.5,7,56.6,0.6973684210526316
2021,Brazil,27.5,14.6,3.2,2320,552258722,14.8,9,59.3,1.8835616438356164
2002,South Africa,27.8,4.4,2.1,2369,169324386,48.5,12,13.6,6.3181818181818175
2015,Canada,25.4,4.5,4.6,2286,646048990,10.9,11,46.7,5.644444444444444
2022,Argentina,27.7,0.7,1.9,1954,1096617947,21.7,13,32.7,39.57142857142857
2010,Australia,30.3,9.0,4.5,2367,1151520192,6.2,7,57.6,3.3666666666666667
2011,Indonesia,19.1,17.7,3.2,2507,1082449514,15.0,1,62.5,1.0790960451977403
2009,Argentina,20.1,1.5,4.3,1934,380527763,40.1,11,61.1,13.4
2015,USA,8.7,4.2,3.9,1339,172575234,14.1,3,56.6,2.071428571428571
2007,Indonesia,16.6,6.5,3.8,740,914386174,8.6,9,26.1,2.553846153846154
2005,Argentina,24.3,14.8,2.3,1035,417690049,26.4,12,58.7,1.6418918918918919
2011,China,28.4,13.0,1.9,1907,276902589,5.4,0,42.0,2.1846153846153844
2023,Mexico,11.5,8.6,1.8,582,866432043,8.8,3,13.2,1.3372093023255816
2020,Japan,9.1,15.3,4.4,1481,399126588,41.3,11,37.4,0.5947712418300654
2007,Russia,24.9,12.4,4.3,1450,1397016073,39.7,12,66.5,2.008064516129032
2003,Mexico,5.1,18.0,2.8,1110,237659268,46.2,12,63.3,0.2833333333333333
2007,UK,10.4,16.5,1.5,1073,1221935909,43.5,10,16.1,0.6303030303030304
2017,Japan,5.9,5.4,2.5,2833,606960201,35.7,12,54.6,1.0925925925925926
2004,France,10.0,5.8,3.5,1488,1182846641,7.4,3,58.3,1.7241379310344829
2008,Argentina,10.4,2.9,2.8,958,1339539083,40.2,9,26.3,3.586206896551724
2003,Japan,16.6,7.1,4.1,2673,109741109,43.0,8,38.3,2.338028169014085
2021,UK,17.1,20.0,5.0,2022,284705392,41.0,14,52.7,0.8550000000000001
2016,Canada,31.2,8.4,1.8,2972,695971780,27.9,2,36.3,3.714285714285714
2008,Australia,20.3,4.8,2.8,2484,1362033433,15.5,14,16.8,4.229166666666667
2000,China,26.7,15.4,2.7,2066,784881916,43.0,1,52.4,1.7337662337662336
2020,USA,8.1,11.1,2.2,2659,1072790036,37.7,8,64.7,0.7297297297297297
2019,Argentina,11.8,3.4,1.8,2949,697781804,49.1,8,49.1,3.4705882352941178
2012,USA,26.1,7.9,1.3,621,857993113,12.0,0,56.4,3.3037974683544302
2015,Brazil,6.6,8.6,4.5,772,925802277,15.2,5,31.5,0.7674418604651163
2012,Indonesia,19.6,15.2,2.7,1817,1319258942,14.5,9,21.0,1.2894736842105265
2013,Argentina,23.0,0.9,3.0,897,1152666411,40.7,7,48.6,25.555555555555554
2002,Russia,23.1,5.7,4.7,1484,246218329,13.4,2,29.7,4.052631578947368
2005,Argentina,5.7,10.6,4.1,1730,1356785799,8.0,10,61.6,0.5377358490566038
2017,India,14.7,5.7,1.5,1633,538949949,49.9,8,17.4,2.578947368421052
2018,Australia,24.1,12.8,3.3,1801,717984590,6.1,1,36.0,1.8828125
2004,India,9.5,9.9,2.8,2410,668910266,42.6,5,33.8,0.9595959595959596
2014,Argentina,25.9,7.6,4.2,2005,441359567,21.4,0,66.3,3.4078947368421053
2001,China,27.4,19.0,3.9,2416,171927360,42.9,12,19.2,1.4421052631578946
2009,Japan,34.5,12.8,3.8,1319,52187343,30.0,6,10.6,2.6953125
2023,USA,11.3,3.0,2.4,2456,420542436,45.6,2,24.3,3.766666666666667
2017,China,29.8,11.4,4.2,2868,600974146,46.7,6,59.2,2.6140350877192984
2012,Argentina,20.6,15.7,1.2,678,927578734,5.4,3,22.6,1.3121019108280256
2004,UK,16.2,14.3,1.6,1396,331580116,8.4,8,24.5,1.1328671328671327
2022,Japan,8.7,3.9,2.3,2766,734430197,16.3,4,17.8,2.230769230769231
2023,UK,27.1,19.5,1.3,2472,1018161882,35.1,2,52.9,1.38974358974359
2000,USA,12.1,9.3,1.9,2051,1380798693,45.0,14,14.2,1.3010752688172043
2021,Japan,16.1,3.6,4.3,991,5467801,25.7,7,29.9,4.472222222222222
2000,Russia,6.9,4.0,4.8,560,1051785465,32.3,5,26.9,1.725
2017,Australia,29.0,2.4,2.2,1577,313504125,13.5,1,43.3,12.083333333333334
2014,Mexico,28.0,16.2,2.1,2203,590386085,41.2,2,53.8,1.7283950617283952
2016,South Africa,27.0,2.9,2.1,564,1045450055,48.5,7,42.0,9.310344827586206
2010,France,14.0,2.9,2.1,1085,218199220,17.1,14,65.9,4.827586206896552
2020,China,10.2,17.1,1.1,2227,738275078,27.3,9,67.1,0.5964912280701753
2021,Indonesia,24.1,7.2,4.7,2718,827751807,8.9,6,31.7,3.3472222222222223
2016,China,19.9,1.1,1.9,1034,438565972,30.2,9,56.7,18.090909090909086
2012,South Africa,10.3,1.5,2.7,2655,1093034759,27.6,5,54.3,6.866666666666667
2000,Mexico,25.6,3.3,1.0,2370,563852853,11.5,13,63.6,7.757575757575759
2001,Germany,34.7,4.7,4.4,1504,1377569278,24.9,0,36.9,7.382978723404255
2008,Canada,27.4,13.5,3.9,2999,108305812,20.0,8,41.8,2.0296296296296297
2002,Russia,27.2,3.6,4.8,1729,1117841407,28.5,2,34.9,7.555555555555555
2000,UK,33.5,2.8,4.1,1539,949007159,31.4,13,61.0,11.964285714285715
2020,Argentina,11.1,15.4,2.3,826,210449747,5.4,4,23.8,0.7207792207792207
2015,Russia,22.0,13.6,2.0,1107,61229895,39.2,6,24.4,1.6176470588235294
2022,South Africa,34.4,9.0,3.8,501,455208813,37.1,14,32.4,3.822222222222222
2005,Argentina,10.0,11.2,2.5,1533,567420977,21.5,6,23.8,0.8928571428571429
2016,Indonesia,26.0,6.6,3.3,2981,117179548,7.4,2,43.7,3.9393939393939394
2004,India,22.6,9.9,1.0,624,200614447,39.0,14,18.1,2.282828282828283
2004,Japan,22.6,10.4,1.2,1604,355479880,48.0,3,29.2,2.1730769230769234
2005,Canada,25.9,8.1,3.1,2361,393359182,15.8,9,64.8,3.197530864197531
2002,Australia,32.9,18.2,3.3,1673,790364317,19.6,6,34.6,1.8076923076923077
2020,Australia,28.5,0.8,4.0,628,1103288537,13.3,7,54.9,35.625
2022,South Africa,6.7,15.8,1.5,937,1088137161,31.0,1,16.8,0.4240506329113924
2004,Russia,30.6,2.9,3.1,1250,355055964,12.0,8,24.9,10.551724137931036
2020,Australia,11.8,16.1,1.8,1721,977900597,21.0,6,58.4,0.732919254658385
2004,Indonesia,16.3,12.5,1.4,2758,802398351,36.4,12,55.8,1.304
2009,UK,18.9,16.9,2.6,1401,809451155,30.2,7,33.2,1.1183431952662721
2009,Germany,19.4,2.4,1.7,2592,814653356,22.4,5,67.3,8.083333333333334
2018,China,18.1,11.4,1.9,1802,792341941,23.9,5,64.6,1.587719298245614
2016,Brazil,33.1,10.3,2.3,1933,245823381,30.3,8,67.7,3.2135922330097086
2020,Indonesia,26.2,14.3,2.0,890,378091478,5.3,3,35.7,1.832167832167832
2013,Argentina,23.9,10.9,1.4,1567,537312924,8.5,10,21.8,2.1926605504587156
2008,France,6.5,11.0,1.4,526,76154255,44.7,10,47.6,0.5909090909090909
2013,South Africa,32.1,8.9,1.8,1047,110285989,8.5,4,51.1,3.606741573033708
2000,India,32.3,6.5,1.2,1066,211473371,36.8,8,17.5,4.9692307692307685
2018,Japan,28.4,9.9,3.5,1203,471260143,46.4,0,57.2,2.8686868686868685
2012,France,5.2,2.8,2.1,1742,313545957,17.2,3,11.1,1.8571428571428574
2012,Japan,6.7,19.2,2.1,684,872248030,21.7,6,39.0,0.34895833333333337
2003,USA,11.8,14.4,2.3,2090,1373223501,30.6,10,29.9,0.8194444444444444
2000,France,8.9,19.1,3.7,2413,178651192,44.7,14,54.4,0.46596858638743455
2016,Brazil,17.0,4.9,4.5,1347,1221021496,47.4,8,28.8,3.4693877551020407
2007,Russia,32.7,17.6,4.0,1098,414805054,38.3,14,59.6,1.8579545454545454
2001,Germany,19.2,16.3,3.9,1305,1178735383,8.9,13,45.7,1.1779141104294477
2007,China,5.4,13.7,2.9,1857,115282073,35.1,12,57.6,0.3941605839416059
2006,China,13.5,12.7,3.8,2626,1011298802,23.5,10,69.4,1.062992125984252
2001,Germany,6.3,6.7,3.2,2378,1119422832,26.2,11,50.7,0.9402985074626865
2021,UK,6.1,16.4,1.9,2960,540662250,7.2,12,69.1,0.3719512195121951
2021,Canada,13.3,10.3,1.8,1045,347844379,13.6,9,11.7,1.29126213592233
2002,USA,13.3,1.9,2.2,2132,927083911,40.6,5,30.3,7.000000000000001
2017,Japan,28.6,6.6,4.6,2716,1039025430,25.4,11,16.5,4.333333333333334
2011,Brazil,34.2,18.7,3.2,2579,803907356,18.6,7,25.7,1.8288770053475938
2000,Australia,16.1,17.1,3.9,2834,753610692,22.3,12,60.3,0.9415204678362573
2021,France,17.9,19.6,2.4,2426,885256390,43.4,8,11.9,0.9132653061224488
2011,USA,30.3,12.7,2.6,1116,814540393,38.7,9,41.2,2.3858267716535435
2004,Indonesia,13.0,5.3,1.5,2817,1219902888,17.3,3,44.0,2.452830188679245
2016,South Africa,9.7,3.7,1.7,1703,542638938,10.3,0,43.7,2.6216216216216215
2015,France,30.6,4.1,4.3,2259,833635961,16.3,13,38.5,7.463414634146343
2014,Brazil,6.4,0.9,3.3,725,558731629,46.4,7,57.4,7.111111111111112
2022,India,23.6,8.1,2.4,1169,1314459009,31.2,1,18.0,2.9135802469135808
2014,India,21.9,4.2,4.2,2263,757754968,29.0,10,28.6,5.2142857142857135
2004,Argentina,15.4,8.5,2.0,1416,1114422920,31.8,0,46.9,1.811764705882353
2020,USA,14.5,18.7,4.9,2673,515313114,21.5,12,51.5,0.7754010695187166
2013,Russia,28.2,8.9,2.4,2621,333480086,41.3,6,34.2,3.1685393258426964
2001,Brazil,7.6,17.6,2.3,1714,552246665,28.5,11,62.5,0.43181818181818177
2010,Brazil,12.1,12.3,2.2,2205,56127465,10.3,9,34.9,0.9837398373983739
2018,Germany,27.0,5.3,1.5,2342,791709171,10.8,8,34.2,5.09433962264151
2006,Indonesia,21.4,7.4,1.4,2483,454764789,29.2,10,12.2,2.8918918918918917
2005,Russia,8.8,2.1,3.6,555,1344684674,47.1,14,43.1,4.190476190476191
2001,Indonesia,31.5,7.0,4.5,1219,440187461,18.9,11,52.5,4.5
2005,UK,16.8,13.7,4.2,2579,339256508,44.1,11,16.9,1.2262773722627738
2017,Japan,29.8,1.9,1.6,1073,1385374585,39.4,8,28.3,15.684210526315791
2001,Japan,28.6,4.5,3.2,1166,509030277,16.2,2,56.9,6.355555555555556
2017,Australia,23.7,7.9,1.4,783,1190249588,6.6,5,32.0,2.9999999999999996
2014,Argentina,19.8,19.6,1.2,2244,1209870465,9.6,6,24.5,1.010204081632653
2018,China,34.4,15.8,3.6,2734,305046905,37.8,13,50.3,2.1772151898734173
2001,India,9.3,14.8,3.1,997,874069049,14.0,9,21.8,0.6283783783783784
2019,South Africa,26.8,2.8,1.3,1965,689862289,21.7,8,63.7,9.571428571428573
2005,Japan,10.7,15.7,1.1,629,1328981569,27.6,14,16.3,0.6815286624203821
2000,Russia,15.1,15.8,5.0,1138,242436875,37.6,1,52.4,0.9556962025316456
2023,Brazil,14.3,12.2,1.1,2661,743306453,10.1,7,40.0,1.1721311475409837
2014,South Africa,33.4,19.8,2.8,2560,1064093028,23.3,13,62.2,1.6868686868686866
2022,Mexico,34.0,6.8,3.0,2991,1229940655,26.8,6,17.6,5.0
2009,Indonesia,10.5,18.9,1.5,2994,1289226003,29.3,3,50.7,0.5555555555555556
2018,Japan,5.7,18.3,1.7,1485,604216448,41.8,1,44.3,0.3114754098360656
2016,Brazil,26.6,0.7,2.4,1492,83325440,12.7,7,38.8,38.00000000000001
2004,Japan,17.5,9.3,4.0,2621,1350315792,41.4,10,39.5,1.8817204301075268
2003,India,7.7,19.6,3.0,600,142785204,36.2,4,53.3,0.39285714285714285
2009,Mexico,25.5,2.5,3.6,2723,144553139,30.0,5,66.3,10.2
2023,France,21.4,11.2,4.9,926,343707677,36.5,13,15.5,1.9107142857142858
2016,Japan,34.4,19.6,4.1,540,902591144,23.5,10,11.2,1.7551020408163263
2009,UK,11.8,11.3,2.7,928,716127278,11.2,6,58.3,1.0442477876106195
2016,Russia,17.1,4.2,2.8,843,1241932098,35.0,14,16.5,4.071428571428571
2019,Japan,21.3,11.9,3.5,865,912478829,28.6,14,69.2,1.7899159663865547
2023,China,28.8,4.5,3.7,1108,1180278134,33.8,9,47.2,6.4
2004,South Africa,21.5,10.6,3.0,1227,756443018,20.2,0,49.1,2.0283018867924527
2001,South Africa,23.4,1.9,3.6,2776,936138519,45.8,7,21.9,12.31578947368421
2005,India,11.8,12.3,1.1,1324,1011963413,31.4,3,24.4,0.959349593495935
2020,Russia,30.4,10.6,2.7,1875,521663999,8.8,12,49.6,2.8679245283018866
2001,Mexico,17.9,14.9,2.1,1388,207497580,25.2,8,64.6,1.2013422818791946
2012,UK,9.2,12.8,1.5,2543,910306304,39.0,0,68.9,0.7187499999999999
2010,Germany,24.9,11.2,1.4,1841,63908951,40.7,10,21.9,2.2232142857142856
2010,Russia,11.5,14.0,3.4,1796,620506174,27.3,1,18.0,0.8214285714285714
2015,South Africa,7.9,3.3,3.1,616,1113296994,45.3,13,13.4,2.393939393939394
2010,China,30.9,12.1,2.0,2915,3660891,17.0,5,62.1,2.553719008264463
2018,France,18.8,3.9,2.9,1617,955697187,23.5,10,27.7,4.820512820512821
2014,India,27.5,18.5,3.0,667,894808615,45.4,9,10.1,1.4864864864864864
2022,Germany,13.7,1.8,1.8,2238,630704719,45.3,10,23.4,7.611111111111111
2022,China,28.6,8.9,3.6,1864,1090719866,35.9,13,30.4,3.2134831460674156
2015,Mexico,8.4,14.1,4.1,1194,627755536,43.7,0,69.5,0.5957446808510639
2010,Indonesia,15.7,9.4,4.2,1424,1089256242,9.0,3,41.4,1.6702127659574466
2021,Mexico,34.3,2.3,3.4,651,1001208309,43.9,7,22.3,14.91304347826087
2015,China,28.8,11.3,3.0,1085,674280911,19.4,14,30.1,2.5486725663716814
2007,Indonesia,19.9,13.0,1.2,1412,318523214,13.0,9,29.8,1.5307692307692307
2003,USA,15.2,14.2,2.2,2821,788823352,15.8,4,11.2,1.0704225352112675
2007,India,31.2,7.8,1.4,2077,403372362,23.8,12,18.1,4.0
2003,Russia,21.3,11.5,4.9,995,1095475598,16.3,8,51.7,1.8521739130434782
2023,Indonesia,27.8,9.3,1.5,2648,1330131634,19.4,10,17.2,2.989247311827957
2002,Argentina,27.6,13.6,1.6,1056,711474124,11.1,10,23.8,2.0294117647058827
2002,Indonesia,5.5,11.9,4.6,1605,10978954,18.3,5,31.0,0.4621848739495798
2017,Brazil,8.8,10.8,4.8,2052,1256199697,30.8,0,55.5,0.8148148148148149
2018,France,24.8,5.4,4.1,2620,1267230374,24.9,5,44.9,4.592592592592593
2018,Brazil,9.8,0.5,1.0,656,239135473,20.6,5,51.3,19.6
2020,Russia,12.7,3.9,1.0,1234,278429462,38.6,12,44.0,3.2564102564102564
2004,Russia,33.4,2.8,2.5,2679,1084717946,45.2,5,51.0,11.928571428571429
2017,India,21.8,9.3,1.6,1927,1113231627,39.1,7,10.2,2.344086021505376
2009,Russia,27.5,12.4,1.1,1058,1142110790,19.9,14,65.9,2.217741935483871
2021,South Africa,21.7,4.7,2.9,2654,845679328,38.5,5,16.7,4.617021276595745
2020,Indonesia,21.6,18.8,4.8,2812,445421988,11.8,4,34.4,1.148936170212766
2005,Indonesia,7.8,0.6,2.3,654,673431694,10.9,14,56.3,13.0
2000,USA,15.3,15.6,3.6,1496,884137537,20.6,10,36.1,0.9807692307692308
2004,Germany,13.5,12.7,3.6,2794,489265598,41.3,1,66.8,1.062992125984252
2008,Russia,16.7,7.8,2.0,1030,725773318,16.1,3,38.1,2.141025641025641
2011,Brazil,29.0,1.5,3.6,2471,959148511,7.8,13,62.5,19.333333333333332
2013,Russia,16.2,12.7,1.8,1228,197145427,10.9,14,58.6,1.2755905511811023
2001,Mexico,18.6,8.0,1.5,1677,791167156,43.6,9,68.9,2.325
2016,USA,16.9,18.8,3.8,653,818022751,33.5,4,65.6,0.8989361702127658
2013,South Africa,7.8,11.1,1.5,591,760436315,16.4,9,63.9,0.7027027027027027
2012,South Africa,18.2,18.8,5.0,2885,90703756,30.0,3,53.9,0.9680851063829786
2008,Japan,10.9,4.8,1.7,2003,1296305728,28.7,1,32.0,2.2708333333333335
2014,Indonesia,10.6,14.7,3.4,2216,809753207,34.5,6,16.4,0.7210884353741497
2021,South Africa,7.8,12.5,2.6,2997,306103394,15.5,9,51.3,0.624
2014,Indonesia,15.7,14.9,1.5,2516,1305532079,43.9,9,68.7,1.0536912751677852
2023,Japan,27.7,4.7,1.1,1286,1368121693,18.9,1,53.6,5.8936170212765955
2010,China,13.3,13.5,3.5,772,400506741,36.2,0,65.7,0.9851851851851853
2015,France,14.4,10.2,4.2,2527,618908216,5.7,13,58.3,1.411764705882353
2016,Australia,24.3,15.0,4.4,676,321328118,21.8,4,19.8,1.62
2003,UK,10.9,6.9,2.9,1142,450513176,20.8,11,25.0,1.5797101449275361
2000,South Africa,31.9,17.9,4.1,2398,64497807,29.5,12,30.5,1.782122905027933
2007,Germany,20.6,2.1,3.7,1066,57953426,8.3,0,20.1,9.80952380952381
2016,Mexico,18.4,16.2,3.9,1165,1270499456,40.6,0,44.9,1.1358024691358024
2002,Canada,21.7,17.3,3.0,1831,461516676,14.8,14,68.5,1.2543352601156068
2019,China,10.0,16.4,3.5,2298,608237759,35.5,0,55.7,0.6097560975609757
2014,South Africa,23.4,10.5,4.2,1569,560722005,41.1,5,35.4,2.2285714285714286
2014,Indonesia,15.9,9.0,2.6,2849,617022634,30.3,8,10.3,1.7666666666666666
2023,France,31.9,19.9,4.2,907,1004488364,38.3,9,28.8,1.6030150753768844
2021,Japan,10.1,5.0,3.4,1712,847894451,34.8,12,41.6,2.02
2013,Brazil,20.2,11.2,1.7,2353,420231924,21.0,10,29.5,1.8035714285714286
2022,UK,22.9,13.6,1.1,1652,194197411,41.4,11,16.7,1.6838235294117647
2013,Canada,6.0,14.2,2.5,1641,717609187,18.3,0,36.6,0.4225352112676057
2023,France,15.9,4.5,3.2,643,373729923,30.7,4,25.2,3.533333333333333
2001,France,27.0,13.3,4.4,2989,1018260723,38.5,14,64.6,2.0300751879699246
2012,South Africa,29.6,16.5,1.5,986,1381708532,22.1,8,16.1,1.793939393939394
2013,China,14.4,1.5,4.2,1359,709386257,18.6,13,12.9,9.6
2023,Argentina,29.0,18.3,4.5,2435,536217615,25.7,8,10.3,1.5846994535519126
2018,Canada,34.0,1.1,1.6,647,670245096,41.8,0,29.7,30.909090909090907
2006,UK,30.7,7.4,4.4,1859,161097813,46.8,7,49.6,4.148648648648648
2002,India,8.5,0.8,5.0,1857,986237569,29.5,0,53.8,10.625
2014,Australia,27.2,2.0,3.9,589,761742932,34.8,14,37.2,13.6
2022,India,14.6,18.3,4.1,1857,938604707,45.6,7,51.1,0.7978142076502732
2013,Argentina,34.7,7.4,5.0,698,785566655,9.4,0,31.6,4.6891891891891895
2010,Indonesia,19.6,8.8,3.4,1037,235905387,15.4,11,50.1,2.227272727272727
2014,Indonesia,8.7,4.7,2.2,800,553908390,36.9,4,12.4,1.8510638297872337
2012,Mexico,26.8,12.1,4.4,1223,76892270,42.1,7,33.4,2.2148760330578514
2017,Canada,14.7,12.1,3.5,2098,1143896678,43.6,5,57.5,1.2148760330578512
2005,India,34.9,7.8,3.3,1959,442386268,23.7,8,58.2,4.4743589743589745
2002,Indonesia,34.4,7.0,2.0,567,168531317,9.0,0,53.0,4.914285714285714
2018,Argentina,24.7,17.8,4.0,2037,740582553,24.7,8,22.3,1.3876404494382022
2014,South Africa,8.9,8.0,1.3,897,46184187,15.4,0,24.8,1.1125
2022,USA,25.6,10.1,4.7,1119,299488478,18.1,9,69.8,2.5346534653465347
2004,Japan,7.8,6.0,2.3,2084,604837682,39.8,9,16.2,1.3
2009,USA,5.9,15.8,1.5,1663,703726244,8.4,2,20.8,0.37341772151898733
2006,Russia,29.7,8.3,2.8,1229,788798529,42.2,0,17.8,3.578313253012048
2016,UK,11.3,10.5,1.2,1055,824678707,24.2,2,29.7,1.0761904761904764
2006,India,16.4,5.4,3.7,2452,30380783,31.8,11,22.6,3.0370370370370368
2021,Mexico,34.2,19.8,4.6,2251,749585197,9.0,10,39.9,1.7272727272727273
2011,Russia,15.1,6.2,4.3,2829,798368160,20.2,12,38.6,2.435483870967742
2016,Indonesia,13.9,15.5,1.5,1495,972853753,9.0,1,64.1,0.8967741935483872
2012,Brazil,32.5,8.8,1.5,2459,802778534,48.3,1,12.1,3.693181818181818
2019,Germany,8.3,4.5,4.3,2101,567106041,41.3,8,29.2,1.8444444444444446
2003,Brazil,27.8,16.1,4.7,1980,1047317550,25.7,7,45.8,1.7267080745341614
2009,Argentina,34.6,7.0,2.8,2634,1283287571,15.1,0,46.3,4.942857142857143
2002,Canada,32.0,17.4,3.0,1602,1182222401,47.0,11,38.8,1.8390804597701151
2008,France,24.6,18.3,2.3,2851,460686642,20.5,13,58.9,1.3442622950819672
2012,Japan,14.4,17.3,4.6,1903,961408872,12.2,3,13.8,0.8323699421965318
2017,India,12.6,1.2,3.6,2677,1206594322,30.3,12,58.9,10.5
2014,UK,29.6,15.9,2.2,1799,1362964625,47.5,0,39.7,1.8616352201257862
2003,Mexico,31.4,8.5,2.2,2222,562074315,5.2,0,18.0,3.6941176470588233
2014,Mexico,20.8,17.5,4.6,1398,936223565,15.7,11,63.1,1.1885714285714286
2021,UK,12.3,12.9,1.1,1706,337303115,47.2,11,49.0,0.9534883720930233
2001,Argentina,8.4,16.8,2.3,2035,1334032802,12.7,3,19.8,0.5
2014,China,7.6,10.2,3.2,577,316387268,10.1,1,12.0,0.7450980392156863
2007,Indonesia,26.6,10.9,1.6,2032,1126838160,30.7,2,18.5,2.4403669724770642
2007,Germany,17.6,3.3,1.4,737,423388217,43.8,10,46.5,5.333333333333334
2016,Australia,32.2,15.8,4.3,1657,751679888,26.5,8,20.8,2.037974683544304
2011,Australia,27.2,8.7,4.6,2496,1028924329,49.8,1,23.5,3.1264367816091956
2018,Australia,10.7,10.3,4.3,1715,1020760264,35.6,3,11.5,1.0388349514563104
2009,India,23.4,15.8,4.6,777,534063088,8.3,0,53.4,1.481012658227848
2008,Australia,18.1,12.2,3.2,1023,1086928352,49.7,1,58.6,1.4836065573770494
2004,South Africa,22.3,4.4,4.2,679,289985187,23.4,4,57.8,5.068181818181818
2005,USA,27.1,12.0,2.5,622,1152039496,17.9,13,17.7,2.2583333333333333
2019,Mexico,29.2,8.4,3.7,1769,1166786685,30.1,9,64.2,3.476190476190476
2001,Germany,30.3,9.7,5.0,2257,16901724,18.7,14,50.3,3.123711340206186
2023,USA,12.6,1.1,1.9,1594,572998076,8.9,0,63.9,11.454545454545453
2012,France,5.9,4.6,2.6,979,699195057,5.1,10,36.8,1.282608695652174
2005,Germany,27.2,6.0,2.9,2297,950422541,25.2,6,36.2,4.533333333333333
2004,USA,8.2,14.4,1.6,2631,1105460942,42.7,3,57.1,0.5694444444444444
2000,Germany,14.4,0.7,1.3,2904,1357011909,30.8,5,15.6,20.571428571428573
2020,France,5.1,8.5,4.3,1315,943264951,50.0,7,41.3,0.6
2021,Russia,25.5,18.5,4.9,942,1252394217,17.9,12,60.2,1.3783783783783783
2020,South Africa,10.0,2.7,2.6,642,121780956,17.6,5,59.8,3.7037037037037033
2005,India,24.7,10.6,1.4,691,776502158,12.2,13,67.4,2.330188679245283
2005,India,34.8,15.8,1.3,1910,1287584579,12.4,1,51.9,2.20253164556962
2022,Argentina,7.2,18.9,4.6,877,545401489,17.8,0,22.5,0.380952380952381
2015,UK,7.3,15.1,2.9,1034,628479992,40.7,7,11.2,0.48344370860927155
2003,Indonesia,15.2,14.6,2.3,2216,411423216,45.8,7,38.8,1.0410958904109588
2010,Mexico,31.0,16.6,2.9,1532,1388289771,48.9,8,40.8,1.8674698795180722
2023,Australia,11.5,9.2,2.3,1910,1010451727,15.5,5,24.4,1.25
2022,South Africa,15.8,16.2,3.0,2640,655042381,44.7,11,17.5,0.9753086419753088
2008,Brazil,7.1,0.7,4.4,2489,413504125,19.8,0,45.2,10.142857142857142
2022,Australia,27.9,18.5,3.4,1677,748156329,10.1,13,55.9,1.508108108108108
2002,Indonesia,17.2,9.1,3.8,904,462496639,44.2,8,69.6,1.89010989010989
2018,Mexico,27.8,11.3,2.5,1672,199412389,33.6,11,55.5,2.4601769911504423
2007,Canada,32.1,5.5,4.0,1388,73639916,12.4,12,57.6,5.836363636363637
2004,Indonesia,12.0,15.0,3.7,921,342865321,24.3,14,47.0,0.8
2003,South Africa,29.2,2.0,1.5,2141,1159052094,17.9,13,69.2,14.6
2023,USA,6.8,17.5,3.3,971,762718291,38.2,2,48.4,0.38857142857142857
2005,Germany,32.0,16.6,2.0,1046,1374002297,25.4,10,61.6,1.9277108433734937
2001,UK,24.5,4.7,4.2,1130,31249071,49.5,5,66.7,5.212765957446808
2019,UK,31.2,16.3,2.7,1537,1313095544,7.5,9,65.8,1.9141104294478526
2010,Brazil,5.0,15.8,5.0,2329,909090341,21.0,12,32.9,0.3164556962025316
2003,South Africa,10.1,12.8,1.4,863,330834956,26.7,9,14.7,0.7890624999999999
2014,France,16.7,7.8,4.1,2666,1139899651,27.6,14,20.3,2.141025641025641
2005,Canada,16.4,5.8,3.7,1045,700477453,19.2,10,13.6,2.8275862068965516
2021,France,11.8,5.0,4.1,1133,769315232,37.8,11,16.3,2.3600000000000003
2016,India,16.4,6.7,2.2,2436,1018037875,44.4,13,21.1,2.4477611940298503
2023,Argentina,8.9,18.1,3.0,2180,361616455,47.2,14,30.5,0.4917127071823204
2005,India,17.4,2.0,4.2,1462,13350251,41.2,8,42.6,8.7
2018,Indonesia,29.1,16.7,1.9,1382,1160732321,43.3,10,52.7,1.7425149700598803
2001,Australia,19.4,7.3,1.9,1370,1268489003,29.8,12,22.7,2.6575342465753424
2014,USA,5.5,10.7,3.2,1015,560097732,42.2,2,50.4,0.5140186915887851
2010,Brazil,17.6,16.0,3.1,1920,584023989,18.7,4,52.3,1.1
2007,Indonesia,5.8,17.7,2.1,1365,266267433,22.9,12,43.5,0.327683615819209
2018,Japan,34.0,7.2,2.2,2653,704210527,19.3,13,64.2,4.722222222222222
2012,Canada,8.8,9.5,2.1,1608,1007525728,26.0,4,16.7,0.9263157894736843
2011,UK,26.2,8.6,4.1,713,1287012541,17.9,9,20.6,3.046511627906977
2004,Canada,34.2,0.8,3.6,2744,94344322,48.3,6,35.7,42.75
2005,Indonesia,29.8,6.3,4.3,518,431162461,19.1,3,17.6,4.73015873015873
2021,Indonesia,26.0,9.5,4.9,1141,916703921,9.4,10,44.0,2.736842105263158
2003,South Africa,30.2,8.5,2.9,1604,1168018187,28.7,3,33.9,3.552941176470588
2018,Australia,34.5,14.6,1.3,829,1211016796,7.6,6,27.1,2.363013698630137
2019,India,23.6,8.0,1.2,1365,1358019778,10.0,8,20.2,2.95
2000,UK,21.8,10.0,2.2,1273,876123161,14.9,14,30.1,2.18
2019,Argentina,23.8,8.9,4.7,891,1120533308,25.9,10,46.5,2.6741573033707864
2016,Australia,21.0,14.9,3.1,1136,380662109,24.5,3,44.5,1.4093959731543624
2011,Germany,24.1,17.3,2.1,2854,398407112,41.0,3,19.8,1.393063583815029
