Country,Year,Avg Temperature (°C),CO2 Emissions (Tons/Capita),Sea Level Rise (mm),Rainfall (mm),Population,Renewable Energy (%),Extreme Weather Events,Forest Area (%),Forest_Area_km2,Land_Area_km2,Forest_Cover_Pct,Annual_Deforestation_Rate,Annual_Afforestation_Rate,Total_Carbon_Stock_Tonnes,Primary_Driver_of_Change,temperature_c,humidity_percent,pm2_5,pm10,no2,so2,co,aqi,green_cover_percent
Australia,2000,11.933333333333335,10.466666666666667,2.2666666666666666,2033.3333333333333,831776454.0,25.566666666666666,9.666666666666666,58.13333333333333,4642073,7692024,60.35,0.0,0.0,58358623874,Initial State,24.845978647686835,59.855871886120994,122.76086298932384,151.03450177935943,103.44747330960854,49.450782918149464,5.00770462633452,274.01779359430606,42.4664590747331
Australia,2001,18.9,9.5,3.45,1666.0,667315454.0,25.0,6.5,40.55,4614072,7692024,59.99,1.35,0.74,58006613623,Unknown,25.289256938227393,59.183527305282006,125.96416293643689,156.16117278424352,102.99735004476275,50.92163831692032,5.030716204118174,266.9337511190689,41.67009847806625
Australia,2002,23.025,8.9,2.9,1804.25,524479760.25,24.725,7.75,35.875,4607200,7692024,59.9,0.4,0.25,57920209484,Unknown,25.365095986038394,58.68062827225131,125.27459860383945,153.71431064572425,103.13584642233856,48.77958115183246,5.119712041884816,281.2425828970332,42.758979057591624
Australia,2003,22.400000000000002,13.4,3.1999999999999997,2330.0,652846865.3333334,23.766666666666666,4.666666666666667,43.86666666666667,4578185,7692024,59.52,1.15,0.52,57555449680,Unknown,25.392290748898677,59.41145374449339,127.7702026431718,157.50359471365638,105.21352422907489,51.61740969162996,5.171145374449339,275.3348017621145,42.943603524229076
Australia,2004,14.62,7.68,2.2800000000000002,1196.6,666948750.8,20.8,6.4,38.96,4562543,7692024,59.32,0.42,0.08,57358801793,Unknown,24.623041556145004,59.62334217506631,122.81022104332447,153.28694076038903,100.7593015030946,50.30999115826702,5.200026525198939,279.735632183908,42.33193633952254
Australia,2005,34.4,4.0,4.8,2014.0,748486965.0,15.6,9.0,67.1,4558202,7692024,59.26,0.41,0.32,57304227221,Unknown,25.06791005291005,59.36772486772487,126.68829805996472,155.97745149911816,103.92046737213404,50.56844797178131,5.1100617283950625,281.2654320987654,42.49916225749559
Australia,2006,20.4,1.8,3.6,773.0,174232548.0,39.6,0.0,26.3,4558889,7692024,59.27,0.22,0.23,57312871064,Unknown,25.23219491525424,59.465254237288136,124.49958474576272,150.1859406779661,103.87021186440678,50.443932203389835,5.096898305084746,277.4508474576271,43.29380508474576
Australia,2008,19.200000000000003,8.5,3.0,1753.5,1224480892.5,32.6,7.5,37.7,4495200,7692024,58.44,0.82,0.42,56512192159,Unknown,24.882036874451273,59.797190517998246,128.67935908691837,154.7573573309921,103.04834942932398,51.77894644424934,4.979060579455663,270.2396839332748,42.0757594381036
Australia,2010,21.833333333333332,3.966666666666667,3.8333333333333335,2313.0,791472737.3333334,20.533333333333335,6.333333333333333,43.26666666666667,4498739,7692024,58.49,1.05,0.86,56556677277,Unknown,24.71878812860676,59.92745259686727,124.05340478153339,153.28397361912613,103.589802143446,49.497139323990105,5.042572135201979,273.99835119538335,41.81475680131905
Australia,2011,18.16,12.08,3.1,1933.4,932632948.6,34.42,4.4,40.6,4473057,7692024,58.15,0.58,0.01,56233811240,Unknown,24.929478260869566,59.92,128.48092173913042,155.84777391304348,102.04190434782609,49.82511304347826,4.9344086956521735,282.39130434782606,41.78
Australia,2012,17.05,4.6499999999999995,3.8499999999999996,1727.0,704103146.0,25.200000000000003,7.0,57.05,4460567,7692024,57.99,1.13,0.85,56076789577,Unknown,25.138349344978167,58.41310043668122,129.22457641921397,153.4572576419214,103.52447161572053,50.278489082969436,5.128847161572052,275.85240174672487,43.25187772925764
Australia,2014,27.2,2.0,3.9,589.0,761742932.0,34.8,14.0,37.2,4434878,7692024,57.66,0.91,0.22,55753836229,Unknown,24.345763157894734,59.335087719298244,126.57662280701754,157.07486842105263,107.18960526315789,48.446236842105264,5.032929824561403,268.20701754385965,44.057596491228075
Australia,2015,6.2,1.5,3.2,2271.0,428326345.0,49.8,6.0,17.0,4406922,7692024,57.29,0.66,0.03,55402380335,Unknown,24.83481856540084,58.69367088607595,129.52446413502108,156.13960337552743,103.72547679324894,49.26822784810126,5.052143459915611,284.5662447257384,42.69732489451477
Australia,2016,21.4,13.475,4.125,1347.0,687765937.5,26.5,7.25,35.0,4379704,7692024,56.94,1.02,0.4,55060212608,Energy,25.4571792693288,58.33729821580289,127.58969413763806,153.31020390824128,101.07875106202209,50.435938827527615,4.9188530161427355,268.9481733220051,42.3234409515718
Australia,2017,26.35,5.15,1.8,1180.0,751876856.5,10.05,3.0,37.65,4362212,7692024,56.71,1.38,0.98,54840304851,Unknown,25.016211072664362,60.90916955017301,125.76262975778548,155.13627162629757,104.30232698961939,49.87942906574395,5.017846020761246,272.44723183391005,42.138486159169545
Australia,2018,18.675,11.7,2.725,1254.75,1072034224.25,18.6,3.25,30.725,4328648,7692024,56.27,1.36,0.59,54418346419,Unknown,24.603462603878114,59.284395198522624,125.61756232686982,153.2225761772853,101.18581717451524,49.26591874422899,5.125992613111727,274.8734995383195,43.06190212373038
Australia,2019,19.96,7.359999999999999,2.82,2322.2,324317574.6,33.12,10.8,42.18,4341354,7692024,56.44,0.14,0.43,54578081164,Unknown,25.08166518254675,60.34728406055209,126.93257346393588,153.92569011576134,101.98377560106857,50.199973285841494,5.118210151380231,276.06233303650936,42.93383793410507
Australia,2020,20.35,9.350000000000001,3.625,1269.75,859997201.0,21.55,6.25,39.375,4340458,7692024,56.43,0.28,0.26,54566827198,Unknown,25.19358156028369,60.01063829787234,130.04719858156028,157.73843085106384,101.3428280141844,49.67770390070922,5.118324468085107,277.0921985815603,42.857065602836876
Australia,2021,24.9,4.9,4.1,2911.0,281959311.0,45.8,1.0,68.3,4325267,7692024,56.23,0.69,0.34,54375842514,Unknown,25.196702317290555,58.87967914438503,129.11550802139038,151.3207486631016,100.39950980392157,50.97560606060606,5.116800356506239,271.1319073083779,42.850802139037434
Australia,2022,18.333333333333332,11.833333333333334,3.966666666666667,1660.3333333333333,663524844.0,19.0,9.666666666666666,44.666666666666664,4348044,7692024,56.53,0.42,0.95,54662186659,Unknown,25.26099728014506,60.53218495013599,125.09752493200364,156.1131187669991,102.20020852221215,52.239247506799636,5.076971894832275,277.15775158658204,42.7358476881233
Australia,2023,11.5,9.2,2.3,1910.0,1010451727.0,15.5,5.0,24.4,4313968,7692024,56.08,1.25,0.47,54233793403,Unknown,24.82713298791019,59.630397236614854,129.07282383419687,155.96442141623487,103.09970639032815,48.73915371329879,5.037962003454232,273.26597582038,42.12051813471503
Brazil,2000,31.2,14.6,3.7,803.0,255339962.0,28.3,9.0,21.7,5468301,8515767,64.21,0.0,0.0,87197411954,Initial State,24.944683544303796,58.25226039783002,126.7978390596745,156.56641952983725,103.06541591320072,50.24471971066908,5.110795660036167,279.372513562387,42.40213381555154
Brazil,2001,17.15,11.350000000000001,3.4499999999999997,1492.0,623329603.5,20.6,12.5,44.65,5439758,8515767,63.88,1.07,0.55,86742262748,Unknown,24.121375661375662,59.16225749559083,129.37918871252205,159.02136684303352,105.11040564373897,52.522689594356265,5.1149294532627865,271.06349206349205,41.74834215167549
Brazil,2002,14.266666666666667,11.066666666666668,3.0,2127.0,563195666.3333334,36.1,9.0,29.03333333333333,5408757,8515767,63.51,1.43,0.86,86247929409,Unknown,25.47918277680141,58.9103690685413,133.23818101933216,156.09674868189808,101.35794376098418,51.77362038664323,5.0199209138840075,272.97891036906856,42.51911247803164
Brazil,2003,17.45,12.75,3.3,1616.0,533033990.5,34.65,8.0,41.25,5326870,8515767,62.55,1.56,0.05,84942146407,Unknown,25.166082121471344,58.719418306244656,128.79191616766468,156.00919589392643,101.50532078699743,49.79767322497862,5.134747647562019,271.7245508982036,41.92188195038494
Brazil,2004,16.4,10.1,3.8,1641.0,681529141.0,6.6,7.0,27.7,5280984,8515767,62.01,0.94,0.08,84210458080,Unknown,24.814029084687768,58.95295124037639,126.95183917878529,153.2111719418306,102.04524379811805,49.56005132591959,5.062121471343028,274.1454234388366,42.209623609923014
Brazil,2005,34.4,5.0,3.7,2132.0,104922177.0,29.3,3.0,46.9,5260783,8515767,61.78,0.66,0.28,83888337477,Unknown,24.9346,59.10173913043478,126.5325391304348,150.72538260869567,103.79569565217392,49.537400000000005,5.0150434782608695,271.4782608695652,41.893765217391305
Brazil,2006,22.233333333333334,11.733333333333333,2.6999999999999997,2343.3333333333335,769149289.0,30.633333333333336,6.333333333333333,41.666666666666664,5224830,8515767,61.35,1.05,0.37,83315028657,Unknown,24.508496563573882,58.25429553264605,129.2639089347079,159.03274054982816,102.32189003436426,51.22755154639175,4.951013745704467,280.14776632302403,42.37268041237114
Brazil,2007,25.3,19.9,2.3,2051.0,196111561.0,39.9,3.0,24.0,5226338,8515767,61.37,0.91,0.94,83339071402,Unknown,25.213049705139007,59.31086773378264,126.64177759056446,154.86515585509687,102.92743892165122,51.613470935130586,5.175855096882898,277.12468407750634,41.98129738837405
Brazil,2008,20.6,8.86,3.7600000000000002,1733.4,502293315.6,30.46,5.0,53.720000000000006,5161193,8515767,60.61,1.42,0.17,82300277754,Unknown,25.253232653061225,58.92979591836735,128.64271020408165,152.3821224489796,102.1469469387755,50.88191020408163,5.039812244897959,273.7820408163265,42.976897959183674
Brazil,2009,31.5,9.3,3.6,1149.0,172465953.0,23.7,9.0,15.4,5141890,8515767,60.38,0.75,0.38,81992462967,Unknown,25.144755067567566,59.310810810810814,126.10434121621623,155.0366554054054,100.34410472972972,48.85537162162162,4.891883445945946,276.6494932432432,42.3830152027027
Brazil,2010,16.419999999999998,12.26,3.6,1668.4,774635388.0,21.64,5.2,37.18,5120980,8515767,60.14,0.96,0.56,81659040700,Unknown,25.304799658994032,59.40409207161125,127.52943734015345,155.68486786018755,100.79031543052002,52.24220801364024,5.1196675191815855,275.4236999147485,42.92351236146632
Brazil,2011,22.47142857142857,9.585714285714285,3.1571428571428575,1935.857142857143,920252099.7142857,24.385714285714283,8.571428571428571,37.0,5095895,8515767,59.84,1.27,0.78,81259034339,Unknown,25.548922413793104,59.01034482758621,127.52167241379311,158.70075,105.02780172413793,48.171120689655176,5.0225431034482755,272.3560344827586,42.997810344827585
Brazil,2012,22.5,11.600000000000001,2.1666666666666665,2278.0,570872848.3333334,47.56666666666666,6.0,27.03333333333333,5109023,8515767,59.99,0.06,0.32,81468376857,Unknown,24.67813157894737,60.112280701754386,127.7211052631579,153.68941228070176,100.87437719298245,49.41099122807017,5.158675438596491,275.6,42.48042105263158
Brazil,2013,23.233333333333334,14.566666666666668,3.133333333333333,2071.0,564851910.6666666,22.766666666666666,9.333333333333334,43.63333333333333,5140625,8515767,60.37,0.32,0.94,81972295655,Unknown,24.758326429163215,59.40845070422535,130.9787489643745,157.32533554266777,100.21620546810274,50.24312344656172,5.126636288318145,274.2792046396023,43.689991714995855
Brazil,2014,24.075,10.325,3.025,1576.75,673227342.5,29.25,5.5,41.275,5149702,8515767,60.47,0.48,0.66,82117033008,Unknown,25.134082987551867,58.34688796680498,126.11414937759335,154.08504564315353,102.93028215767636,51.510497925311206,5.063311203319502,272.56265560165974,41.55046473029046
Brazil,2015,17.75,14.3,4.0,1394.5,1069665487.5,13.7,6.0,39.65,5102643,8515767,59.92,1.37,0.46,81366627806,Unknown,24.792839090143218,59.75989890480202,127.94685762426286,152.41658803706824,100.67754844144903,50.459081718618364,4.896453243470935,278.9898904802022,42.18144903117102
Brazil,2016,24.660000000000004,9.24,3.1,1264.2,648286561.4,32.66,8.2,38.779999999999994,5112026,8515767,60.03,0.38,0.56,81516255459,Unknown,24.941860262008735,58.64454148471616,128.7830480349345,149.64303056768557,102.00724017467249,51.023187772925766,5.049580786026201,266.0288209606987,42.43765938864629
Brazil,2017,13.299999999999999,10.133333333333333,3.2000000000000006,2142.0,741458331.3333334,23.900000000000002,6.0,46.300000000000004,5112884,8515767,60.04,0.88,0.9,81529941842,Unknown,25.175759117896522,60.18659881255301,128.48272264631044,156.56897370653095,103.43391857506361,49.66307039864292,5.061060220525869,274.40966921119593,42.56290076335878
Brazil,2018,16.3,6.88,3.04,2062.6,564449890.6,29.0,5.6,37.1,5146668,8515767,60.44,0.34,1.0,82068650668,Unknown,25.36124886877828,60.886877828054295,128.62005429864254,157.55584615384615,103.14052488687783,52.00773755656109,4.977547511312217,275.54117647058825,42.61355656108598
Brazil,2019,21.0,19.8,1.5,1519.0,341217904.0,34.7,5.0,63.4,5141606,8515767,60.38,0.15,0.05,81987945465,Logging,25.321834782608697,61.084347826086955,127.41139999999999,159.01931304347826,101.33622608695653,51.18325217391304,4.982139130434783,278.4295652173913,42.892339130434785
Brazil,2020,23.36,9.7,3.02,1373.4,1144944834.4,36.92,3.6,43.480000000000004,5102117,8515767,59.91,1.19,0.42,81358246654,Infrastructure,24.868546218487396,59.57142857142857,129.50099159663864,152.05508403361344,101.35457142857143,49.59418487394958,5.157764705882353,276.47899159663865,41.66437815126051
Brazil,2021,27.5,14.6,3.2,2320.0,552258722.0,14.8,9.0,59.3,5080187,8515767,59.66,0.9,0.47,81008549490,Unknown,25.12837088388215,59.54419410745234,127.43702772963604,155.0220623916811,104.29132582322357,49.88487868284229,4.9886568457539,273.70103986135183,42.45318024263432
Brazil,2022,18.4,9.5,4.6,1691.0,302427829.0,30.3,12.0,36.2,5085680,8515767,59.72,0.83,0.94,81096139397,Unknown,25.230773966578717,59.27968337730871,128.42429199648197,157.76868953386105,101.68726473175022,50.86266490765171,5.072796833773087,278.2269129287599,42.806455584872474
Brazil,2023,19.35,13.1,2.7,2351.5,399203792.5,29.6,10.5,40.4,5121488,8515767,60.14,0.18,0.88,81667142467,Unknown,24.785237668161436,59.9542600896861,129.24651121076232,153.24958744394618,101.94309417040358,50.69671748878923,5.169964125560538,271.0780269058296,42.027713004484305
Canada,2000,19.3,8.85,2.65,1383.0,414931290.5,22.75,8.5,42.1,4679030,9984670,46.86,0.0,0.0,28686077940,Initial State,25.222491258741258,60.12237762237762,127.32457167832167,153.0297465034965,104.25053321678321,50.36821678321678,4.911048951048951,270.42045454545456,42.121153846153845
Canada,2001,21.25,13.8,3.65,1496.0,862518925.5,27.1,1.5,46.75,4702251,9984670,47.09,0.16,0.65,28828435725,Unknown,24.92926343154246,60.222703639514734,125.23895147313692,156.4843847487002,100.70233102253033,49.967114384748704,5.144896013864818,278.94974003466206,42.878214904679375
Canada,2002,22.6,11.65,2.9,2018.875,669252430.5,25.0875,9.5,34.2625,4705132,9984670,47.12,0.03,0.09,28846099937,Unknown,25.033202341137123,58.66638795986622,126.61222408026757,150.198737458194,101.24636287625418,51.75465719063545,5.14561872909699,275.03678929765886,41.66696488294315
Canada,2003,11.6,15.2,1.9,2798.0,625984226.0,31.8,0.0,58.3,4707212,9984670,47.14,0.36,0.41,28858852399,Unknown,24.962376910016978,60.1188455008489,129.53522920203736,157.93414261460103,104.97828522920203,51.278964346349746,5.154567062818336,273.9320882852292,42.93053480475382
Canada,2004,19.85,5.675,3.375,1823.5,215015307.5,41.325,7.25,53.175000000000004,4669748,9984670,46.77,1.7,0.9,28629168769,Commercial Agriculture,25.342595097210484,59.17497886728656,127.84703296703297,154.9262045646661,101.98610312764158,50.19997464074387,5.05429416737109,276.1242603550296,42.337058326289096
Canada,2005,16.185714285714287,7.785714285714286,3.757142857142857,2152.714285714286,891024638.8571428,25.2,6.857142857142857,44.1,4613108,9984670,46.2,1.48,0.27,28281923543,Unknown,25.526454465075155,60.01237842617153,130.51302387267904,154.58229000884174,106.23033598585322,50.34531388152078,5.001529619805481,276.0424403183024,42.32334217506631
Canada,2006,16.633333333333333,8.5,2.533333333333333,1677.6666666666667,879102652.0,33.7,9.333333333333334,42.266666666666666,4600886,9984670,46.08,0.69,0.42,28206989177,Unknown,24.519425000000002,60.09166666666667,130.82893333333334,152.99753333333334,102.74888333333334,50.21528333333333,5.100441666666667,275.82,42.253591666666665
Canada,2007,29.4,10.1,2.7,1132.0,274322712.0,18.75,9.0,47.3,4557756,9984670,45.65,1.49,0.56,27942573622,Unknown,25.213670348343246,60.92693288020391,129.0026932880204,154.74832625318606,104.48571792693288,50.259532710280375,5.000484282073067,270.02803738317755,41.5124893797791
Canada,2008,14.633333333333333,13.666666666666666,3.5666666666666664,2870.3333333333335,317765794.0,17.2,12.0,34.8,4560311,9984670,45.67,0.24,0.3,27958238384,Unknown,25.202339688041594,60.305892547660314,125.8651993067591,152.7912131715771,99.39051993067591,49.769523396880416,5.260181975736568,280.7842287694974,43.61723570190642
Canada,2009,24.1,15.3,3.2,557.0,915322799.0,49.4,8.0,43.6,4545227,9984670,45.52,0.87,0.54,27865757163,Unknown,24.575197594501716,59.59192439862543,129.16851374570447,158.88070446735395,101.4057560137457,49.63854810996563,5.010910652920962,277.5171821305842,42.52449312714777
Canada,2010,5.5,13.7,4.8,2145.0,72556185.0,44.3,9.0,52.4,4567453,9984670,45.74,0.1,0.58,28002021089,Unknown,24.90137254901961,60.42455242966752,124.64220801364024,153.77970161977834,100.52452685421996,49.77505541346974,4.944134697357204,272.1202046035806,43.312864450127876
Canada,2012,17.380000000000003,10.559999999999999,3.1,1739.6,596571825.2,21.2,5.0,43.14,4518705,9984670,45.26,0.13,0.19,27703156880,Unknown,24.833101045296168,59.51393728222997,129.96310975609757,153.70114982578397,102.65030487804879,51.76408536585366,5.070148083623693,271.8501742160279,42.108710801393734
Canada,2013,12.916666666666666,14.700000000000001,2.8166666666666664,1698.8333333333333,794879756.8333334,23.86666666666667,7.0,40.5,4421587,9984670,44.28,2.38,0.24,27107749164,Fire,25.252975986277875,59.31818181818182,126.82554030874785,154.85611492281305,101.88905660377358,50.39140651801029,5.0656603773584905,279.3996569468268,42.519391080617496
Canada,2014,27.6,11.3,2.65,1765.5,995009297.5,42.55,7.5,56.900000000000006,4422151,9984670,44.29,0.07,0.08,27111210371,Unknown,25.61358235823582,59.6021602160216,131.10173717371737,153.5466606660666,102.80707470747075,50.689261926192614,5.037515751575158,280.63006300630065,43.94806480648065
Canada,2015,25.4,4.5,4.6,2286.0,646048990.0,10.9,11.0,46.7,4398457,9984670,44.05,0.85,0.32,26965943552,Unknown,24.767834960070985,59.35581188997338,125.91263531499557,154.98198757763976,104.85308784383318,50.911730257320315,5.088740017746229,276.2253771073647,42.45109139307897
Canada,2016,25.05,7.1,2.85,1825.0,492501773.75,34.0,1.75,38.425,4367944,9984670,43.75,1.01,0.31,26778878688,Unknown,24.669161462979485,59.590544157002675,128.24014272970564,151.94166815343442,102.4599464763604,50.241828724353255,4.89206958073149,271.96966993755575,42.50839429081177
Canada,2017,15.5,7.199999999999999,3.45,2278.0,1267688411.5,30.35,7.0,60.7,4387185,9984670,43.94,0.21,0.65,26896837546,Unknown,24.738212147134305,59.52437981180496,127.1482378100941,153.11957228400343,102.20957228400343,52.276159110350726,5.026372968349016,286.6321642429427,42.77961505560308
Canada,2018,31.9,7.8,1.75,1089.0,484242306.0,37.05,5.0,38.8,4367069,9984670,43.74,1.39,0.94,26773514732,Small-scale Agriculture,25.18644278606965,59.97844112769486,130.13733830845771,153.29714759535653,103.5994776119403,49.74234660033167,5.0686152570480925,272.7164179104478,42.33506633499171
Canada,2019,25.65,5.25,4.75,2571.0,1181977638.0,5.65,6.5,52.2,4371174,9984670,43.78,0.12,0.21,26798680721,Unknown,24.938871391076116,59.347331583552055,125.14357830271214,154.25660542432195,101.44408573928258,49.81447944006999,4.91588801399825,268.5739282589676,41.94757655293088
Canada,2020,33.3,19.4,4.1,2011.0,117312606.0,36.2,12.0,15.7,4348457,9984670,43.55,1.4,0.88,26659410041,Unknown,24.84395368782161,60.17152658662093,128.066217838765,156.27753859348198,102.77069468267582,51.25308747855917,5.06156089193825,271.1303602058319,42.74831046312178
Canada,2021,19.200000000000003,13.65,1.9,1497.0,807954646.0,12.149999999999999,11.5,11.95,4330940,9984670,43.38,0.56,0.16,26552013000,Unknown,24.695120689655173,59.987931034482756,128.75218965517243,156.4034827586207,102.2048275862069,51.449646551724136,4.97451724137931,283.25775862068963,42.32862931034483
Canada,2022,28.7,5.9,2.0,2726.0,599372628.0,15.9,8.0,46.0,4311598,9984670,43.18,1.06,0.61,26433432580,Unknown,25.274252100840336,59.13361344537815,127.75048739495797,154.42670588235293,99.52978991596639,49.895310924369745,5.1673865546218485,280.45210084033613,42.92452100840336
Canada,2023,20.7,7.900000000000001,4.1000000000000005,948.0,987307952.0,17.133333333333333,6.666666666666667,36.699999999999996,4269491,9984670,42.76,0.98,0.01,26175283253,Unknown,25.327595281306714,58.79764065335753,126.24391107078041,159.15312159709617,101.61025408348458,49.71395644283122,5.133148820326678,271.9682395644283,43.121288566243194
China,2000,26.2,6.925000000000001,2.2,1849.0,692054707.5,36.675,5.25,44.525,2794201,9596961,29.12,0.0,0.0,39379048269,Initial State,24.701850899742933,59.588688946015424,128.27784061696659,156.41815766923736,105.18338474721507,50.63222793487575,5.168731790916881,273.79862896315336,43.010179948586114
China,2001,27.4,19.0,3.9,2416.0,171927360.0,42.9,12.0,19.2,2777033,9596961,28.94,0.87,0.25,39137105885,Unknown,25.172890025575448,60.66069906223359,128.24794543904517,154.23741687979538,102.54768115942028,51.37466325660699,5.054083546462063,277.78175618073317,42.81652173913044
China,2003,22.02,10.16,2.66,2360.6,740185242.6,24.04,7.2,42.3,2792861,9596961,29.1,1.08,0.74,39360167878,Unknown,24.649439501779362,58.97686832740214,128.56719750889678,157.941628113879,100.34054270462634,50.29568505338078,5.114003558718862,277.45284697508896,41.06330071174377
China,2004,21.14,10.9,2.58,2057.2,332979499.0,36.96,6.2,31.32,2779379,9596961,28.96,0.55,0.07,39170169978,Unknown,24.555596745027128,59.760397830018086,127.14215189873418,153.95420433996384,102.56125678119349,51.535940325497286,4.85869801084991,273.84448462929475,42.63201627486438
China,2006,11.5,10.5,2.45,2745.5,978299365.5,20.2,6.5,58.5,2752455,9596961,28.68,1.08,0.3,38790719541,Unknown,25.109818339100347,60.25259515570934,126.18621972318338,150.1446626297578,102.7859169550173,49.91365916955017,5.048659169550173,278.2136678200692,42.71626297577855
China,2007,11.5,8.633333333333333,3.3333333333333335,1683.0,481125480.6666667,25.866666666666664,9.333333333333334,39.86666666666667,2746507,9596961,28.62,0.62,0.4,38706890838,Unknown,24.58921338912134,58.84769874476987,129.31200836820085,152.55971548117154,102.01000836820084,50.28676987447699,5.144870292887029,267.15146443514647,41.41960669456067
China,2008,34.8,19.8,2.8,904.0,1119409767.0,20.2,9.0,53.5,2752571,9596961,28.68,0.2,0.42,38792350820,Unknown,24.89026362038664,59.2688927943761,123.99234622144114,157.88813708260108,101.93818101933216,50.52717926186292,5.082372583479789,279.7152899824253,42.0969244288225
China,2010,18.599999999999998,11.766666666666666,2.533333333333333,2043.6666666666667,450149088.0,28.066666666666666,6.333333333333333,62.666666666666664,2749079,9596961,28.65,0.56,0.55,38743137255,Mining,25.050336496980155,59.04314063848145,126.45136324417602,158.47175150992234,104.90129421915445,50.68038826574633,5.136643658326143,270.18636755823985,42.1967471958585
China,2011,17.98,12.040000000000001,3.2,1629.4,709910008.0,23.44,5.0,35.839999999999996,2761796,9596961,28.78,0.32,0.79,38922357827,Unknown,25.760515734265734,59.31293706293706,127.36157342657344,153.9097202797203,103.66789335664336,50.876223776223775,5.189729020979021,275.4527972027972,42.618435314685314
China,2012,19.966666666666665,15.633333333333333,3.1666666666666665,1543.0,573194554.3333334,44.300000000000004,8.333333333333334,54.1,2760460,9596961,28.76,0.49,0.44,38903532898,Unknown,24.94638146167558,58.86007130124777,130.40237076648842,151.36986631016043,103.03322638146167,50.091274509803924,5.144795008912656,272.0998217468806,42.3325935828877
China,2013,14.4,1.5,4.2,1359.0,709386257.0,18.6,13.0,12.9,2761069,9596961,28.77,0.77,0.79,38912125188,Unknown,24.71329974811083,60.51637279596977,127.11528127623845,154.75625524769103,100.99453400503779,50.62811083123426,4.97193115029387,279.2947103274559,42.515096557514696
China,2014,7.6,10.2,3.2,577.0,316387268.0,10.1,1.0,12.0,2748707,9596961,28.64,1.11,0.66,38737903226,Unknown,25.093255033557046,60.10318791946309,127.90538590604027,153.05140939597317,104.15875838926175,52.379345637583896,5.01880033557047,282.4286912751678,42.7248322147651
China,2015,19.766666666666666,15.033333333333333,2.6666666666666665,1380.3333333333333,717339050.0,18.53333333333333,8.0,55.199999999999996,2696782,9596961,28.1,2.51,0.62,38006115213,Fire,24.4128,60.68521739130435,125.14377391304347,154.44132173913042,104.4908695652174,50.5536,5.0611304347826085,275.04782608695655,41.78386956521739
China,2016,19.825,4.675,2.525,1764.25,826703127.0,35.9,8.25,34.95,2639570,9596961,27.5,2.32,0.2,37199819776,Fire,24.778558409279206,58.55758077879039,128.98115990057997,153.96582435791217,102.67980944490472,50.198169014084506,5.098094449047224,275.38359569179784,41.56264291632146
China,2017,21.475,9.875,3.25,1709.0,382156746.25,34.75,8.0,47.2,2635550,9596961,27.46,0.92,0.77,37143161146,Unknown,24.806863406408095,59.72428330522766,125.20048903878583,152.44342327150085,104.73940134907251,50.78679595278246,5.0477150084317035,276.2655986509275,42.36225126475548
China,2018,22.28333333333333,9.466666666666667,2.8166666666666664,1869.5,534934720.5,27.46666666666667,10.333333333333334,48.23333333333333,2615660,9596961,27.26,1.33,0.58,36862851703,Unknown,25.271440972222223,60.197916666666664,128.77237847222221,154.6699392361111,102.24712673611111,49.32568576388889,5.066397569444444,273.6892361111111,41.92755208333333
China,2019,20.85,14.649999999999999,2.95,2094.5,372220037.5,21.15,0.5,52.95,2600424,9596961,27.1,0.98,0.4,36648134787,Commercial Agriculture,24.69230215827338,59.81294964028777,127.62110611510792,155.00337230215828,100.91802158273381,50.419037769784175,5.072877697841727,277.54226618705036,43.48142086330935
China,2020,19.22,11.66,3.18,2034.4,815944910.8,30.78,5.8,45.4,2587952,9596961,26.97,1.34,0.86,36472362059,Unknown,25.360406222990495,60.15125324114088,127.90837510803802,152.8852981849611,102.17918755401902,50.03452031114953,5.159818496110631,274.5514261019879,42.085082108902334
China,2021,20.8,12.566666666666668,3.1666666666666665,1455.0,316817780.0,34.13333333333333,9.666666666666666,40.53333333333334,2563341,9596961,26.71,1.17,0.22,36125507974,Unknown,25.1297703180212,59.14664310954063,128.46537102473496,156.85015901060072,104.48532685512367,51.083825088339225,5.109416961130742,271.45583038869256,42.46780035335689
China,2022,23.099999999999998,13.266666666666666,3.266666666666667,2003.0,664439282.0,27.7,9.0,48.5,2548413,9596961,26.55,1.05,0.46,35915127949,Unknown,25.25264231096007,59.3517417162277,126.04454545454544,152.91463041631266,102.3531096006797,50.597051826678,5.140866610025489,265.214103653356,42.378530161427356
China,2023,21.099999999999998,9.333333333333334,3.4333333333333336,1572.0,747871011.3333334,23.73333333333333,8.333333333333334,58.26666666666667,2516413,9596961,26.22,1.38,0.12,35464151844,Energy,25.020863309352517,59.65377697841727,125.22946942446045,157.09852517985613,100.7392535971223,50.36492805755396,4.972742805755395,285.7814748201439,42.30271582733813
France,2000,16.6,14.6,2.8000000000000003,1819.6666666666667,213601955.66666666,32.9,11.333333333333334,49.699999999999996,112449,551695,20.38,0.0,0.0,712370055,Initial State,25.048956896551726,58.98620689655172,128.45771551724138,155.03097413793103,101.90416379310345,50.27605172413793,5.0208706896551725,281.6784482758621,42.010448275862075
France,2001,27.0,13.3,4.4,2989.0,1018260723.0,38.5,14.0,64.6,113573,551695,20.59,0.15,1.15,719495201,Unknown,24.955181576616475,58.44198405668733,128.2084145261293,157.9059167404783,102.48391496899912,50.66531443755536,5.113348095659876,279.8193091231178,41.74632418069088
France,2002,23.53333333333333,16.733333333333334,3.6666666666666665,2496.0,822687215.6666666,21.8,3.0,38.6,114595,551695,20.77,0.02,0.92,725964988,Unknown,25.269990723562152,59.808905380333954,126.29018552875696,154.30586270871984,99.33085343228201,50.19575139146568,5.05308905380334,277.2291280148423,43.43896103896104
France,2003,18.766666666666666,9.9,3.6666666666666665,1045.3333333333333,674678130.6666666,31.433333333333334,13.666666666666666,37.23333333333333,115125,551695,20.87,0.19,0.66,729324310,Unknown,25.210663221360896,59.28251507321275,128.60428079242033,155.58547803617572,101.3761412575366,49.802058570198106,5.111774332472007,279.4392764857881,41.39748492678726
France,2004,20.7,10.7,2.35,1904.5,923109245.5,9.05,7.0,46.2,115320,551695,20.9,0.08,0.25,730559573,Unknown,25.174630113141863,58.1792863359443,123.57262837249783,157.5011227154047,101.57467362924282,49.86963446475196,5.1647693646649255,277.88946910356833,43.342297650130554
France,2005,29.7,18.6,2.5,1501.0,1030270792.0,21.5,11.0,63.4,116231,551695,21.07,0.26,1.05,736329203,Unknown,24.76152981849611,59.328435609334484,129.49583405358686,154.89020743301643,100.73235090751945,50.70875540190147,4.951659464131374,277.0034572169404,42.631114952463264
France,2006,16.400000000000002,15.4,3.1,1857.0,899768321.3333334,37.03333333333333,3.6666666666666665,20.933333333333334,116257,551695,21.07,0.6,0.63,736493543,Commercial Agriculture,25.284709956709957,59.846753246753245,127.83974025974025,150.03056277056277,98.82116017316018,49.57250216450216,5.012831168831169,272.04329004329,42.60376623376623
France,2007,27.166666666666668,9.9,3.0999999999999996,2243.0,640646322.3333334,28.0,8.0,66.03333333333333,116644,551695,21.14,0.0,0.34,738949838,Unknown,25.27949324324324,58.610641891891895,128.9184543918919,156.99947635135135,102.19139358108109,51.67754222972973,5.1856503378378385,281.2804054054054,43.164881756756756
France,2008,13.0,14.066666666666668,2.1333333333333333,1491.0,228496119.66666666,34.9,11.666666666666666,58.46666666666667,117804,551695,21.35,0.1,1.09,746299334,Unknown,24.631010733452595,59.84615384615385,124.21324686940966,152.5316457960644,103.45675313059033,50.559051878354204,5.004830053667263,277.52236135957065,42.38204830053667
France,2009,8.4,17.9,1.6,839.0,619079995.0,39.3,5.0,57.1,118807,551695,21.54,0.08,0.93,752651176,Unknown,25.648401037165083,58.74330164217805,125.13082108902333,154.45664649956785,103.16687986171132,50.32064822817632,4.9811754537597235,273.7571305099395,42.70420916162489
France,2010,14.0,2.9,2.1,1085.0,218199220.0,17.1,14.0,65.9,119056,551695,21.58,0.1,0.31,754229490,Unknown,24.775449826989618,58.686851211072664,126.79129757785466,155.0161937716263,100.61948961937716,50.965121107266434,5.0967820069204155,271.21020761245677,42.36011245674741
France,2011,21.7,5.2,2.6,1181.0,1214544133.0,33.1,14.0,54.4,120125,551695,21.77,0.14,1.04,760999905,Unknown,25.43075403949731,60.973967684021545,126.29943447037702,152.09415619389588,100.94465888689408,51.95273788150808,5.1287073608617595,280.29982046678634,42.60852782764812
France,2012,14.7,7.7,2.5,1412.2,735205326.2,21.28,7.2,33.739999999999995,120698,551695,21.88,0.14,0.62,764631570,Unknown,24.589063047285464,59.35726795096322,123.96954465849387,156.99420315236426,103.04182136602451,51.43685639229422,4.989492119089317,276.1935201401051,42.83373905429072
France,2013,14.866666666666665,11.633333333333333,3.9,1661.3333333333333,576593830.0,36.56666666666667,8.333333333333334,28.566666666666663,121037,551695,21.94,0.05,0.33,766778744,Unknown,24.78313432835821,58.685689201053556,123.89538191395961,156.450412642669,103.17432835820895,51.93858647936787,4.968990342405619,272.64793678665495,41.965013169446884
France,2014,23.942857142857143,8.77142857142857,2.8428571428571425,2056.4285714285716,618405148.0,25.642857142857142,9.571428571428571,28.099999999999998,121945,551695,22.1,0.29,1.04,772528374,Energy,24.97655737704918,59.60200364298725,130.48692167577414,153.85420765027322,103.15606557377049,50.241402550091074,4.937987249544626,275.1311475409836,43.7767941712204
France,2015,21.560000000000002,8.3,3.56,1822.8,913213256.4,26.580000000000002,11.2,31.279999999999994,122722,551695,22.24,0.24,0.88,777451839,Infrastructure,24.553469735720377,60.26854219948849,125.35330775788576,154.61627450980393,102.83797953964194,52.598073316283035,5.05995737425405,275.01278772378515,42.18597612958227
France,2016,32.6,18.1,4.0,1545.0,333230308.0,49.5,10.0,64.8,123430,551695,22.37,0.23,0.81,781939038,Unknown,24.90648936170213,58.766843971631204,130.43317375886525,157.28876773049646,103.1394414893617,50.41725177304965,5.064804964539007,271.06382978723406,42.28879432624114
France,2017,21.65,4.0,2.8499999999999996,2432.5,811481286.5,33.2,3.0,43.75,124249,551695,22.52,0.26,0.93,787123712,Unknown,24.571020080321283,59.2859437751004,124.81946184738956,156.28008032128514,103.56486746987952,49.711991967871484,5.0791164658634536,276.26104417670683,42.364787148594374
France,2018,22.266666666666666,7.133333333333333,3.8666666666666667,1667.0,1028797717.3333334,18.0,8.666666666666666,42.0,124922,551695,22.64,0.15,0.69,791391221,Unknown,25.173156981786644,60.39462272333044,124.75594102341718,157.65583694709454,102.28432784041631,51.45134431916739,5.066999132697311,273.050303555941,42.87838681699913
France,2019,23.53333333333333,15.033333333333333,3.1333333333333333,2268.3333333333335,582489910.6666666,26.933333333333334,9.0,48.96666666666667,125085,551695,22.67,0.13,0.26,792420117,Unknown,24.401150895140663,60.54560954816709,123.49388746803068,152.10069053708438,104.2591389599318,50.62625745950554,5.048141517476556,275.24552429667517,42.87590792838875
France,2020,5.1,8.5,4.3,1315.0,943264951.0,50.0,7.0,41.3,126414,551695,22.91,0.01,1.07,800840761,Unknown,24.719528619528617,60.24915824915825,130.17130471380472,149.03473063973064,101.05727272727272,49.303872053872055,5.0617760942760945,277.530303030303,42.529242424242426
France,2021,13.5,10.64,3.1799999999999997,2205.4,884897856.0,30.5,8.8,25.1,127299,551695,23.07,0.22,0.92,806448037,Unknown,25.16496974935177,60.42437337942956,125.53477960242004,158.38248919619707,99.283275713051,51.230847018150385,5.068072601555748,271.02160760587725,43.28324114088159
France,2022,16.15,12.799999999999999,3.75,1647.0,410684275.5,25.05,5.0,38.900000000000006,128300,551695,23.26,0.29,1.07,812789353,Unknown,25.880703188879803,59.56500408830744,126.79358135731806,155.33307440719543,103.10490596892886,49.76470155355683,5.061807031888798,272.0580539656582,42.70763695829927
France,2023,19.75,11.625,4.300000000000001,755.25,758348216.25,34.8,7.25,29.7,129084,551695,23.4,0.21,0.82,817756658,Unknown,24.524728213977568,59.04831751509922,126.86030198446937,154.33775668679897,102.06061259706644,49.343727351164794,5.122243313201036,277.53062985332184,43.170690250215706
Germany,2000,9.75,5.949999999999999,1.4500000000000002,2641.0,926116364.5,32.25,5.5,42.4,74744,357022,20.94,0.0,0.0,857747793,Initial State,25.424604691572547,58.736750651607295,127.30526498696784,152.12463944396177,102.26392701998262,51.23496090356212,4.950651607298002,269.8314509122502,42.57787141615986
Germany,2001,21.566666666666666,7.216666666666666,4.066666666666666,1907.3333333333333,759926230.3333334,21.366666666666664,8.166666666666666,46.800000000000004,75037,357022,21.02,0.21,0.61,861109514,Unknown,25.160318690783807,58.81739879414298,130.10618432385874,157.7772437553833,103.42154177433248,49.890043066322136,5.0307321274763135,271.98277347114555,43.461653746770025
Germany,2002,15.8,18.85,1.8,2159.0,883523300.0,27.2,5.0,46.45,75268,357022,21.08,0.06,0.37,863765759,Infrastructure,25.07742582897033,59.326352530541016,128.308184991274,152.76017452006982,106.39778359511344,50.36479930191972,5.2303490401396155,276.40575916230364,44.72329842931937
Germany,2003,30.5,7.7,3.0,2871.0,1038669571.0,19.4,10.0,33.5,75499,357022,21.15,0.25,0.56,866417314,Unknown,24.961220779220778,59.112554112554115,127.14193073593073,156.14307359307358,101.96490043290044,51.10861471861472,5.116008658008658,275.8112554112554,43.59070995670995
Germany,2004,17.075,13.0,3.975,1660.75,734279667.0,37.0,6.5,60.0,75941,357022,21.27,0.49,1.07,871483875,Commercial Agriculture,25.241557876414273,59.08268059181897,128.62922541340296,159.2809051348999,102.89174934725848,50.43640557006092,5.033411662315057,273.6083550913838,41.450713664055705
Germany,2005,27.266666666666666,11.066666666666668,2.966666666666667,1355.3333333333333,1223339775.6666667,18.733333333333334,9.0,50.36666666666667,76087,357022,21.31,0.02,0.22,873159978,Unknown,25.08076263924593,60.94430162810625,127.47572407883463,153.8675321336761,102.36557840616967,51.17918594687232,5.12738646101114,277.9511568123393,43.180034275921166
Germany,2006,25.0,7.9,4.6,1605.0,703458181.0,19.2,1.0,22.6,76460,357022,21.42,0.15,0.64,877435826,Unknown,24.677473958333334,57.93402777777778,127.51658854166665,150.39058159722222,101.07178819444444,51.08793402777778,5.034947916666667,276.1380208333333,41.72573784722223
Germany,2007,20.057142857142857,8.585714285714285,2.8857142857142857,1659.7142857142858,559247753.1428572,26.67142857142857,6.714285714285714,38.271428571428565,77083,357022,21.59,0.03,0.84,884587043,Unknown,25.351044642857143,59.02410714285714,127.20474107142857,156.401125,100.96689285714285,51.18796428571428,5.2173125,276.8776785714286,41.53078571428572
Germany,2008,28.1,3.7,1.4,2223.0,333786819.0,10.7,9.0,66.0,77739,357022,21.77,0.14,0.99,892115161,Unknown,24.685640785781104,59.14031805425631,124.36387277829749,156.67243217960709,101.0158278765201,51.325201122544435,5.056164639850327,278.0159027128157,43.1542656688494
Germany,2009,18.633333333333333,8.0,1.9166666666666667,1537.8333333333333,968925346.6666666,30.566666666666666,4.833333333333333,43.86666666666667,77934,357022,21.83,0.13,0.38,894353813,Unknown,24.8836187113857,59.80229479258605,127.01468667255077,151.3809973521624,103.92999117387467,48.76982347749338,5.049655781112092,267.5895851721094,41.162506619594
Germany,2010,24.9,11.2,1.4,1841.0,63908951.0,40.7,10.0,21.9,78311,357022,21.93,0.17,0.65,898678326,Unknown,25.24936824605154,60.404821280133,128.5752701579385,158.87285951787197,105.01383208645053,50.67014962593517,5.118861180382377,270.3724023275145,43.57494596841231
Germany,2011,24.1,17.3,2.1,2854.0,398407112.0,41.0,3.0,19.8,78896,357022,22.1,0.06,0.8,905393318,Unknown,24.584929577464788,59.58978873239437,127.77041373239437,157.31832746478872,103.49806338028169,51.34920774647887,5.207411971830986,285.4577464788732,42.05569542253521
Germany,2012,21.2,10.100000000000001,2.8,1237.0,824033042.0,28.900000000000002,7.5,41.85,79040,357022,22.14,0.25,0.44,907044777,Unknown,25.11098627787307,58.27358490566038,125.10406518010291,157.65666380789023,99.2801114922813,51.77342195540309,5.140060034305318,275.1655231560892,42.9785077186964
Germany,2013,17.9,4.8,4.6,1198.0,226407206.0,19.4,13.0,17.7,79531,357022,22.28,0.12,0.75,912684206,Unknown,25.567493380406003,59.10944395410415,127.39784642541925,156.62862312444838,99.05042365401589,50.402047661076786,5.1357722859664605,281.6240070609003,43.075525154457196
Germany,2014,21.7,17.7,2.9,688.0,598463676.0,48.6,10.0,50.4,79909,357022,22.38,0.29,0.77,917016134,Unknown,25.317893805309737,60.11327433628318,128.70953982300884,155.7562389380531,104.71913274336283,50.984778761061946,5.046654867256637,279.5061946902655,42.83208849557522
Germany,2015,18.833333333333332,5.033333333333334,2.766666666666667,1547.0,393454944.0,43.43333333333334,10.666666666666666,42.73333333333333,80425,357022,22.53,0.04,0.68,922938315,Unknown,25.082421410365335,59.90484282073067,126.32158878504674,155.82915038232795,102.21870008496177,50.28228547153781,4.929592183517418,281.98810535259133,42.353551401869154
Germany,2016,24.1,5.85,4.05,2265.0,889274114.0,26.7,6.5,47.5,81138,357022,22.73,0.04,0.93,931124327,Unknown,25.190841367221736,58.91148115687993,128.15447852760738,155.66283085013148,100.70158632778264,50.17259421560035,4.925635407537247,277.27169149868536,42.118369851007884
Germany,2017,19.35,18.2,3.25,1902.5,852728211.0,33.35,11.5,42.699999999999996,81693,357022,22.88,0.3,0.98,937490765,Unknown,25.21755226480836,59.38937282229965,128.1006707317073,160.24791811846688,101.65732578397213,52.39394599303136,5.140871080139373,270.01045296167246,42.12187282229966
Germany,2018,21.75,10.075,2.575,1560.0,963730135.75,19.575,6.25,38.2,82563,357022,23.13,0.03,1.09,947471307,Energy,25.07187445510026,59.02964254577158,131.08789014821272,157.57887532693985,100.7514385353095,49.97137750653879,5.140113339145597,275.05754141238015,42.08857018308631
Germany,2019,8.3,4.5,4.3,2101.0,567106041.0,41.3,8.0,29.2,83119,357022,23.28,0.19,0.86,953855363,Unknown,24.535706851691238,58.497831743278404,127.77836079791848,151.19142237640935,102.48567215958369,48.50938421509107,5.116261925411969,271.15524718126625,42.357632263660015
Germany,2021,20.049999999999997,11.75,3.45,1406.0,975487671.0,43.3,6.0,49.599999999999994,84330,357022,23.62,0.18,1.1,967754406,Unknown,24.936504504504505,58.87117117117117,125.78267567567566,156.39655855855855,103.18211711711712,51.857531531531535,5.060135135135135,274.2603603603604,42.77234234234235
Germany,2022,19.5,12.360000000000001,2.34,1508.0,694626882.4,32.6,5.0,34.04,84877,357022,23.77,0.01,0.65,974033402,Unknown,24.734916943521593,60.041528239202655,128.04156146179403,152.0569102990033,103.31374584717608,49.91437707641197,5.159152823920266,272.3720930232558,44.56730066445183
Germany,2023,21.3,10.9,2.0,2069.6666666666665,703946815.6666666,17.900000000000002,3.0,47.4,85181,357022,23.86,0.17,0.53,977525043,Unknown,24.679956747404844,59.77681660899654,123.9732525951557,160.90745674740484,103.19227508650519,51.71451557093426,5.083581314878892,277.5216262975779,42.738001730103804
India,2000,21.25,12.25,3.25,1124.5,475745329.25,19.799999999999997,7.5,37.0,1897820,3287263,57.73,0.0,0.0,15164360600,Initial State,24.661293823038395,59.59933222036728,124.11004173622703,156.17261268781303,103.25817195325543,49.75643572621035,4.960901502504173,275.91151919866445,43.45800500834725
India,2001,15.05,7.9,3.45,1554.5,458271595.5,18.75,5.0,25.55,1906766,3287263,58.0,0.2,0.67,15235843818,Unknown,24.612316865417377,59.825383304940374,124.74913117546849,156.6110902896082,102.44949744463374,50.783151618398634,5.038151618398637,275.99488926746164,41.95499148211243
India,2002,21.78333333333333,7.45,3.4333333333333336,1778.3333333333333,638704319.5,22.7,5.833333333333333,47.46666666666667,1913720,3287263,58.22,0.33,0.7,15291408606,Unknown,25.134883318928264,60.503025064822815,132.29377700950735,158.72789974070872,102.09374243733795,50.997260155574764,5.082402765773552,276.14347450302506,42.94792566983578
India,2003,11.0,16.0,3.733333333333333,1387.6666666666667,158459652.33333334,36.13333333333333,7.666666666666667,33.86666666666667,1920365,3287263,58.42,0.26,0.61,15344506748,Unknown,24.90320704845815,60.033480176211455,127.59364757709251,154.24682819383258,100.61725110132159,50.25384140969163,4.960713656387665,274.50396475770924,41.80168281938326
India,2004,21.2,13.525,2.7750000000000004,1590.0,554418694.5,32.625,8.25,35.15,1932629,3287263,58.79,0.18,0.82,15442504011,Unknown,25.12536860364267,58.77710320901995,126.32527320034693,154.30152645273202,104.66998265394624,50.905949696444054,4.931908065915004,273.0182133564614,42.978065915004336
India,2005,21.45,8.75,2.2,1418.875,576524537.875,26.525,6.75,45.1875,1929819,3287263,58.71,0.17,0.03,15420052353,Unknown,24.9893288590604,59.4001677852349,124.84739093959732,154.56968120805368,105.24177013422819,50.142827181208055,5.052894295302013,275.9479865771812,42.569110738255034
India,2006,16.4,5.4,3.7,2452.0,30380783.0,31.8,11.0,22.6,1928641,3287263,58.67,1.02,0.96,15410634615,Unknown,25.008928571428573,59.525261324041814,127.15694250871081,151.89255226480836,105.57377177700349,51.27169860627178,5.05766550522648,275.23257839721254,43.08810975609756
India,2007,29.333333333333332,11.666666666666666,1.8333333333333333,1616.0,716546880.6666666,23.866666666666664,13.0,26.866666666666664,1909366,3287263,58.08,1.08,0.08,15256624518,Unknown,25.665656996587032,59.48549488054608,125.94329351535836,155.35594709897612,103.4994880546075,49.53044368600683,4.926621160409557,274.08191126279866,41.57688566552901
India,2008,16.3,18.7,4.8,2141.0,281361562.0,47.8,2.0,30.2,1893276,3287263,57.59,0.94,0.1,15128058490,Unknown,24.768774139378674,59.59949622166247,130.28770780856422,156.2967506297229,101.58057094878254,50.750512174643156,5.244819479429051,274.0369437447523,41.39058774139379
India,2009,23.25,11.4,3.5,1753.5,731355143.0,14.55,3.0,56.099999999999994,1872895,3287263,56.97,1.68,0.6,14965201111,Commercial Agriculture,24.573368237347296,59.96596858638743,125.68125654450262,150.7978184991274,102.41425828970333,50.393926701570685,5.056849912739965,273.83420593368237,42.75706806282722
India,2011,10.3,4.5,4.8,1530.0,575572757.0,28.6,0.0,62.0,1863133,3287263,56.68,0.76,0.34,14887204314,Unknown,24.63679307502061,59.523495465787306,122.77263808738664,156.26075845012366,103.01687551525144,50.58671887881286,4.9884830997526795,274.54080791426213,42.01961253091509
India,2012,12.5,10.6,3.733333333333334,1321.3333333333333,745107333.0,33.766666666666666,9.333333333333334,36.4,1842085,3287263,56.04,1.24,0.11,14719018476,Unknown,24.838391608391607,59.16958041958042,127.62922202797202,156.22062937062935,102.0125174825175,50.388784965034965,4.741153846153846,271.33216783216784,43.26753496503496
India,2013,21.65,14.5,2.1,1317.5,965418807.5,45.75,4.0,26.65,1839721,3287263,55.97,0.96,0.83,14700131842,Unknown,25.395192307692305,59.70367132867133,128.07630244755245,152.43700174825173,101.00516608391608,50.9548513986014,5.028933566433567,273.7386363636364,42.58734265734265
India,2014,24.7,11.35,3.6,1465.0,826281791.5,37.2,9.5,19.35,1841100,3287263,56.01,0.66,0.73,14711145101,Unknown,25.127387931034484,59.154310344827586,126.22652586206895,155.93375,105.62063793103448,49.53958620689655,4.915629310344828,276.5948275862069,41.47040517241379
India,2015,15.65,7.1,3.5999999999999996,1341.0,892121368.5,37.2,11.0,54.85,1848386,3287263,56.23,0.41,0.81,14769368348,Unknown,25.196392733564014,60.180795847750865,126.15111591695502,154.4129152249135,102.5744204152249,50.478667820069205,4.998217993079584,275.2352941176471,42.53067474048443
India,2016,17.275,11.700000000000001,2.8499999999999996,1524.25,779693628.25,24.025,8.25,36.225,1842937,3287263,56.06,0.73,0.44,14725822817,Unknown,25.15925465838509,59.683229813664596,125.53299911268856,153.48469387755102,102.26285714285714,51.13233362910381,5.115261756876663,271.76131322094056,41.56917480035492
India,2017,16.366666666666667,5.3999999999999995,2.2333333333333334,2079.0,952925299.3333334,39.766666666666666,9.0,28.833333333333332,1851079,3287263,56.31,0.41,0.85,14790882063,Unknown,24.722522045855378,60.47442680776014,128.3570282186949,152.33154320987654,103.86130511463845,50.30332451499118,5.18521164021164,279.23897707231043,41.90902116402116
India,2018,29.5,12.533333333333333,3.5666666666666664,2600.0,339552402.6666667,30.7,8.666666666666666,31.433333333333334,1864823,3287263,56.73,0.14,0.88,14900704875,Unknown,24.932395566922423,59.5234441602728,130.68306905370844,151.41625745950554,102.1408610400682,50.408542199488494,5.056589940323955,267.87468030690536,41.409582267689686
India,2019,20.380000000000003,7.68,2.9,1622.0,928364153.8,19.080000000000002,9.8,39.84,1863106,3287263,56.68,0.7,0.61,14886983723,Unknown,25.022967227635075,60.05048715677591,126.05592559787424,152.91948627103633,101.18981399468557,51.48942426926484,5.00162976085031,273.37998228520814,41.38860053144376
India,2020,9.6,5.7,1.2,795.0,988849880.0,11.1,8.0,44.9,1858745,3287263,56.54,1.09,0.85,14852141094,Fire,24.232602862254023,59.513416815742396,127.09640429338104,154.19093023255815,102.54131484794276,50.662683363148474,5.037549194991055,265.96422182468694,41.383962432915915
India,2021,17.479999999999997,13.080000000000002,2.3,1636.0,628542335.6,23.759999999999998,7.2,51.660000000000004,1856602,3287263,56.48,0.39,0.28,14835018565,Unknown,25.038622540250447,59.77191413237925,127.59424865831842,157.10398032200357,103.57755813953489,49.78887298747764,4.902030411449016,273.7602862254025,42.7087030411449
India,2022,16.633333333333333,12.5,2.5666666666666664,1678.6666666666667,1020175443.0,28.73333333333333,5.333333333333333,39.76666666666667,1842389,3287263,56.05,1.32,0.56,14721446274,Unknown,24.92886042402827,59.36395759717315,123.60643109540636,153.58825088339222,101.14820671378092,50.97060954063605,5.09041519434629,264.9920494699647,42.64220848056537
India,2023,26.9,17.65,1.7,2061.5,536937978.5,32.55,8.5,37.900000000000006,1841406,3287263,56.02,0.29,0.24,14713597090,Unknown,24.68814236111111,60.104166666666664,126.0331857638889,154.314921875,102.60068576388889,49.823940972222225,5.111319444444444,278.11284722222223,42.26957465277778
Japan,2001,26.65,3.8,3.55,1192.5,673684847.5,10.8,5.5,51.15,62155,377975,16.44,0.26,0.77,753943407,Unknown,25.011318777292576,59.431441048034934,124.82610480349346,155.9251615720524,101.37593013100437,51.15755458515284,5.109973799126638,281.1126637554585,42.38844541484716
Japan,2002,26.5,11.5,2.6999999999999997,2462.6666666666665,613197832.3333334,26.033333333333335,10.0,46.699999999999996,62094,377975,16.43,0.2,0.1,753212950,Unknown,24.87994001713796,59.766923736075405,128.39422450728364,154.29698371893744,102.51006855184234,52.15372750642673,5.121208226221079,270.31362467866325,43.066529562982005
Japan,2003,24.96666666666667,10.833333333333334,4.0,2308.6666666666665,479709476.0,27.46666666666667,9.0,39.666666666666664,61553,377975,16.29,1.2,0.33,746650211,Unknown,24.681285211267603,59.31602112676056,127.69597711267606,155.38970950704226,101.03519366197183,51.558697183098595,4.918204225352112,274.07834507042253,41.60400528169014
Japan,2004,13.580000000000002,11.84,2.44,2044.2,976239642.0,41.54,6.2,35.739999999999995,61148,377975,16.18,1.19,0.53,741737427,Unknown,24.53074513124471,60.00931414055885,126.64655376799321,155.14331075359866,103.68623200677392,50.26969517358171,5.026113463166808,275.2099915325995,42.34930567315834
Japan,2005,10.7,15.7,1.1,629.0,1328981569.0,27.6,14.0,16.3,61145,377975,16.18,0.63,0.62,741699201,Unknown,24.889597902097904,59.85664335664335,126.9106555944056,155.85130244755246,100.43869755244755,52.45068181818182,5.053269230769231,275.6652097902098,42.32105769230769
Japan,2006,27.6,14.4,4.8,2726.0,63232362.0,26.2,9.0,12.9,60487,377975,16.0,1.46,0.38,733709008,Unknown,24.8164316057774,59.71028037383178,127.61708581138487,154.8566440101954,103.45107051826679,50.48064570943076,5.071376380628717,275.5021240441801,42.546796941376385
Japan,2007,15.4,1.3,4.3,921.0,194923647.0,31.5,3.0,45.1,60104,377975,15.9,1.22,0.59,729073697,Unknown,24.82649046793761,59.25043327556326,128.49591854419413,157.685294627383,104.10551126516464,51.46494800693241,5.167409012131715,274.4930675909879,44.146412478336224
Japan,2008,16.55,9.9,2.975,2061.25,452369020.0,23.0,9.75,31.799999999999997,60182,377975,15.92,0.66,0.79,730011648,Unknown,25.09123665480427,59.59875444839858,125.54742882562277,150.5267615658363,99.23026690391458,52.15063167259786,5.067170818505338,281.5133451957295,42.391201067615654
Japan,2009,34.25,11.4,3.55,1458.5,114498662.0,37.45,3.5,19.25,60363,377975,15.97,0.36,0.66,732207102,Energy,25.216257562662058,59.98876404494382,129.08250648228176,156.98829732065687,100.89826274848747,49.8,5.059360414866033,275.4356093344857,41.462048401037165
Japan,2010,24.5,12.2,1.7,610.0,156286200.0,23.2,12.0,58.6,60614,377975,16.04,0.18,0.6,735251139,Unknown,25.163009143807148,59.96758104738154,127.18771404821281,153.887323358271,102.17019118869493,51.077697423108894,5.196758104738154,274.1246882793017,42.66202826267664
Japan,2011,18.666666666666668,12.700000000000001,2.6999999999999997,1929.0,832151942.0,21.8,9.333333333333334,41.1,60789,377975,16.08,0.16,0.45,737381249,Unknown,25.49170445004198,60.36943744752309,130.04203190596138,157.1954995801847,102.46534005037783,51.19542401343409,5.082695214105793,280.3056255247691,41.56859781696053
Japan,2012,10.55,18.25,3.3499999999999996,1293.5,916828451.0,16.95,4.5,26.4,60779,377975,16.08,0.61,0.6,737260515,Unknown,25.37832884097035,59.16711590296496,127.91256963162624,157.06986522911052,103.06678346810422,50.472048517520214,5.046145552560646,273.23719676549865,43.00091644204851
Japan,2014,23.2,11.325,4.05,1676.75,948045820.75,26.25,8.5,36.9,60179,377975,15.92,0.97,0.06,729979231,Unknown,24.888787878787877,59.122943722943724,127.31662337662338,152.4555670995671,103.27411255411256,50.676329004329006,5.023298701298701,275.9818181818182,42.16252813852814
Japan,2015,23.200000000000003,12.100000000000001,2.7,1859.0,320918203.5,24.75,12.0,37.8,60398,377975,15.98,0.22,0.58,732634764,Unknown,25.341788756388414,59.63543441226576,126.024199318569,157.0852385008518,103.51147359454855,51.34907155025554,4.9759625212947185,269.8986371379898,42.85625212947189
Japan,2016,17.975,17.325,3.3249999999999997,1577.25,591327823.25,22.625,12.0,36.55,60120,377975,15.91,1.22,0.76,729267700,Unknown,25.056139130434783,60.58608695652174,123.35246956521739,150.0294086956522,103.27313043478262,49.884226086956524,4.948913043478261,274.3286956521739,42.41817391304348
Japan,2017,19.240000000000002,8.1,2.88,2359.6,1039657229.4,30.2,7.2,34.839999999999996,59884,377975,15.84,0.68,0.29,726398552,Unknown,25.448504347826084,59.267826086956525,125.49837391304348,156.6162956521739,101.9973652173913,49.004452173913045,4.997530434782608,274.53913043478263,42.529304347826084
Japan,2018,24.32,11.82,2.9,1999.0,704014141.8,28.939999999999998,8.2,51.42,59602,377975,15.77,0.68,0.21,722980074,Unknown,24.83562331838565,59.54708520179372,128.65756950672645,158.39919282511212,99.86458295964125,50.34595515695067,4.798771300448431,269.52466367713004,42.407874439461885
Japan,2019,18.4,9.4,3.85,1459.0,803220177.5,28.35,9.0,51.1,59803,377975,15.82,0.46,0.79,725421874,Unknown,25.036531492666093,59.175150992234684,126.96436583261433,152.7546333045729,105.48843830888697,51.01610008628128,5.106971527178602,278.2950819672131,42.97932700603969
Japan,2020,19.25,12.4,3.45,1203.0,566426426.5,39.2,7.5,25.4,59539,377975,15.75,1.38,0.94,722216301,Unknown,24.436229802513463,58.85906642728905,125.6988958707361,153.6031867145422,102.3253052064632,50.31870736086176,5.10600538599641,276.54488330341115,41.20578096947935
Japan,2021,20.325,7.525,3.275,1295.75,472206586.25,29.474999999999998,5.0,34.7,59311,377975,15.69,1.37,0.99,719448505,Unknown,24.957166806370495,59.47611064543168,129.76866722548198,150.0989019279128,103.66557418273261,51.167493713327744,4.91606873428332,281.62782900251466,42.06798826487846
Japan,2022,17.580000000000002,10.879999999999999,2.58,1912.8,803541832.6,28.04,5.4,38.2,59067,377975,15.63,0.92,0.51,716493749,Unknown,24.768073476702508,60.918458781362006,128.70140681003582,153.48439068100356,103.54294802867383,48.88017025089606,5.0808243727598565,277.4964157706093,42.52244623655914
Japan,2023,24.799999999999997,4.800000000000001,2.1500000000000004,1710.5,1064391177.5,18.95,6.0,51.650000000000006,58348,377975,15.44,1.28,0.06,707768129,Unknown,24.187789115646257,58.454081632653065,128.30380102040814,158.96375850340135,101.76347789115647,51.00017857142857,5.076471088435374,273.36649659863946,43.24493197278912
USA,2000,15.440000000000001,13.040000000000001,2.68,1762.6,692542847.8,32.019999999999996,9.0,38.78,3127914,9833517,31.81,0.0,0.0,44017411500,Initial State,25.138866608544028,59.972101133391455,128.27273757628595,157.00165649520488,103.83302528334787,51.11394943330427,5.027375762859633,271.4463818657367,42.36539668700959
USA,2001,24.5,19.4,3.6,2041.0,214534006.0,47.7,10.0,60.9,3106299,9833517,31.59,0.96,0.26,43713237693,Unknown,25.099982378854627,58.57092511013216,127.47278414096915,156.68355066079295,103.89548017621145,51.5815859030837,5.101594713656388,270.6281938325991,43.64950660792952
USA,2002,12.066666666666668,1.9666666666666668,3.1999999999999997,1936.3333333333333,726304333.3333334,23.8,9.333333333333334,37.63333333333333,3090369,9833517,31.43,1.36,0.85,43489055377,Infrastructure,24.794978127734034,60.84514435695538,126.07153980752405,152.8559142607174,99.8637532808399,50.82076115485564,5.0042607174103235,274.42082239720037,42.978127734033244
USA,2003,15.949999999999998,8.133333333333333,2.15,2140.8333333333335,858290009.6666666,23.46666666666667,6.333333333333333,34.93333333333333,3053233,9833517,31.05,1.25,0.04,42966472669,Unknown,24.246925021061497,59.571187868576246,125.15465880370681,155.8962089300758,101.88998315080033,48.689401853411965,4.937388374052233,276.8197135636057,42.07311710193766
USA,2004,22.0,13.299999999999999,2.266666666666667,1784.0,1161504021.6666667,35.233333333333334,7.666666666666667,39.0,3076892,9833517,31.29,0.2,0.98,43299409837,Energy,25.18269974768713,59.1354079058032,131.54128679562658,154.21447434819177,102.98795626576955,50.32212783851977,5.0285281749369215,279.88141295206054,43.84869638351556
USA,2005,27.1,12.0,2.5,622.0,1152039496.0,17.9,13.0,17.7,3064452,9833517,31.16,0.83,0.43,43124343002,Small-scale Agriculture,24.976743044189853,60.42389525368249,129.53601472995092,155.22819967266776,103.31030278232406,50.98144844517185,4.925572831423896,269.8281505728314,42.297651391162034
USA,2006,24.54,13.4,2.7,2067.6,814080298.0,30.68,9.4,58.3,3029912,9833517,30.81,1.82,0.69,42638285826,Commercial Agriculture,25.24195535714286,59.83392857142857,128.1904732142857,159.38616964285714,102.84222321428571,51.19748214285714,5.123142857142857,280.2348214285714,42.54873214285715
USA,2007,20.166666666666668,8.666666666666666,3.766666666666667,1760.6666666666667,483789758.6666667,7.433333333333334,7.666666666666667,24.400000000000002,3009580,9833517,30.61,1.25,0.58,42352167146,Logging,25.1661981981982,60.487387387387386,127.15062162162162,156.5536216216216,102.2260990990991,51.492468468468466,5.094675675675676,278.5126126126126,42.51956756756757
USA,2008,19.5,17.7,2.5,1419.0,1140062010.0,20.1,0.0,35.9,3018378,9833517,30.69,0.07,0.36,42475973761,Unknown,25.509590643274855,59.42439431913116,126.7140685045948,160.5651461988304,101.16035923141186,48.87639933166249,5.037752715121136,277.98329156223895,43.10539682539683
USA,2009,10.625,10.5,3.4,1617.0,778748288.25,26.8,2.5,30.025,2975557,9833517,30.26,1.46,0.04,41873376654,Unknown,24.86693171996543,59.54451166810718,127.85815903197927,152.6266205704408,106.43167675021607,49.97560069144338,5.22495246326707,276.62316335350044,42.91210025929127
USA,2011,30.8,12.8,2.45,922.0,562758301.5,36.650000000000006,7.5,27.450000000000003,2965768,9833517,30.16,0.84,0.87,41735626131,Unknown,24.89772845953003,61.65970409051349,126.75929503916448,154.95698868581374,102.53373368146214,49.66608355091384,5.020461270670149,272.0835509138381,41.41812880765883
USA,2012,19.099999999999998,13.033333333333333,2.2666666666666666,1478.0,610799441.0,26.866666666666664,8.0,41.56666666666666,2959808,9833517,30.1,1.13,0.93,41651755127,Unknown,24.662076788830717,59.31239092495637,132.82153577661433,156.295445026178,102.05776614310645,49.519485165794066,5.085061082024432,273.5148342059337,42.593525305410125
USA,2013,20.3,14.8,3.2,886.0,202353097.0,17.6,12.0,29.0,2976021,9833517,30.26,0.25,0.8,41879906530,Infrastructure,25.24403747870528,58.56984667802385,125.65168654173763,154.64786201022147,103.10156729131175,49.80486371379897,5.091243611584327,274.3747870528109,41.836933560477
USA,2014,5.5,10.7,3.2,1015.0,560097732.0,42.2,2.0,50.4,2996545,9833517,30.47,0.05,0.74,42168724099,Unknown,25.192738095238095,60.05187074829932,130.2016581632653,157.2364455782313,102.87121598639456,51.293681972789116,5.050297619047619,275.6862244897959,43.25858843537415
USA,2015,19.942857142857143,8.785714285714286,2.685714285714286,1484.142857142857,512316859.71428573,23.942857142857143,6.857142857142857,41.357142857142854,2978725,9833517,30.29,1.4,0.8,41917954906,Unknown,25.415334507042253,60.568661971830984,126.76371478873239,154.08783450704226,101.85492957746479,48.58095950704225,5.112403169014084,271.60915492957747,42.1262764084507
USA,2016,26.133333333333336,9.200000000000001,3.9666666666666663,1878.6666666666667,860716648.6666666,25.76666666666667,9.666666666666666,37.13333333333333,2950391,9833517,30.0,1.22,0.27,41519226804,Unknown,24.31178117048346,60.71925360474979,129.89676844783716,154.1705258693808,106.18446140797286,52.01564037319763,5.128227311280747,283.34775233248513,42.24374045801527
USA,2018,18.9,14.1,2.7,1472.0,922097331.0,9.0,6.0,48.0,2985194,9833517,30.36,0.34,0.82,42008985957,Unknown,25.135169124024284,59.059843885516045,128.4274414570685,156.67544666088466,102.08842150910668,51.058855160450996,4.998829141370338,274.366869037294,42.473599306157844
USA,2019,30.8,8.4,3.5,1891.0,704274155.3333334,26.333333333333332,7.333333333333333,28.066666666666666,2995063,9833517,30.46,0.46,0.8,42147872331,Unknown,24.99694793536804,58.949730700179536,126.64187612208258,156.3954937163375,103.88276481149012,49.613545780969474,5.186687612208258,272.88240574506284,42.45710053859964
USA,2020,14.25,10.6,3.325,2349.5,777056032.0,21.425,6.25,53.5,2999492,9833517,30.5,0.05,0.19,42210196297,Unknown,24.91446735395189,59.02233676975945,126.43201890034364,153.23628006872852,105.10870274914089,49.962044673539516,5.053814432989691,275.5773195876289,42.82501718213059
USA,2021,26.45,16.05,2.6,1387.0,1094679998.0,23.7,6.5,13.55,2989563,9833517,30.4,1.3,0.97,42070481907,Unknown,24.98515962036238,59.371009490940466,129.11355478861086,158.21795513373596,104.63357204486626,49.52197584124245,5.054469370146678,268.9154443485764,42.21987920621225
USA,2022,17.285714285714285,11.242857142857144,3.528571428571429,1912.5714285714287,727402663.2857143,23.2,7.714285714285714,39.74285714285714,2972639,9833517,30.23,0.97,0.4,41832308537,Unknown,24.852225020990765,59.79513014273719,128.1809571788413,150.9187825356843,100.10944584382872,51.111041141897566,4.915801847187238,269.86481947942906,42.024979009235935
USA,2023,16.257142857142856,11.242857142857144,2.6714285714285713,1532.0,762887666.8571428,26.928571428571427,5.142857142857143,38.41428571428571,2973539,9833517,30.24,0.91,0.94,41844973561,Mining,25.40869486948695,58.84338433843384,128.28007200720072,155.97867686768677,103.08650765076507,51.94857785778578,5.043033303330334,271.64896489648964,42.7549594959496
